GEOID,White,Black,AIAN,Asian,NHPI,Hispanic
06037127520,345,205,0,239,0,4038
06037206010,500,17,0,1030,0,1919
06037297501,1273,29,14,152,0,994
06037208620,248,353,95,1044,35,2091
06037216401,2381,142,0,412,29,400
06037481201,262,16,0,2304,0,1293
06037265306,599,57,0,461,0,541
06037271704,1545,164,0,945,0,137
06037920109,2563,173,0,586,307,713
06037134907,1943,603,109,346,0,811
06037407301,157,27,0,873,0,2623
06037702600,3223,193,0,1086,17,942
06037502500,121,21,0,70,0,4043
06037603008,158,744,0,388,0,2482
06037651101,1605,113,78,2016,0,591
06037920116,2848,47,0,204,0,1578
06037800103,2333,10,0,595,0,517
06037206201,474,432,0,742,0,394
06037532900,160,318,0,50,0,5719
06037189600,2441,115,14,190,0,591
06037219800,268,281,0,22,0,2336
06037117530,543,205,0,784,0,4053
06037236206,33,1128,0,68,0,1861
06037602402,981,395,3,572,0,5100
06037127603,139,155,0,199,0,2311
06037301501,1333,0,0,102,44,234
06037139801,2858,0,0,180,0,179
06037602002,163,360,0,75,0,2382
06037402706,406,130,0,104,0,2818
06037572301,285,234,0,561,59,2579
06037651221,975,154,9,1501,0,760
06037226002,450,380,0,193,0,706
06037535400,14,275,0,0,0,3099
06037123420,1539,122,0,221,0,2501
06037131400,1678,125,29,838,38,2823
06037267700,1629,49,0,1509,0,353
06037900610,585,428,0,16,0,2275
06037134424,1962,107,0,547,0,59
06037212702,745,126,0,1807,0,544
06037404402,259,22,0,419,0,3722
06037404503,169,76,0,519,151,1975
06037530901,65,0,0,0,0,3889
06037541200,193,3412,0,42,0,2277
06037553801,182,708,0,92,0,2985
06037910807,3120,186,0,827,0,1636
06037297202,1694,217,10,154,0,1985
06037402406,308,91,0,607,17,3512
06037409000,1052,265,0,432,0,5732
06037910605,856,426,0,78,0,3655
06037670001,1259,204,9,463,0,1344
06037480903,241,13,6,1738,0,822
06037501803,777,75,0,49,0,3465
06037135111,1616,135,0,390,0,1488
06037301702,3128,134,0,1227,27,1458
06037401801,2117,186,0,897,0,1221
06037430102,518,61,6,632,0,3571
06037501400,368,52,0,109,0,2789
06037139505,1418,86,0,224,0,353
06037183220,793,15,4,766,0,1229
06037111302,2123,277,5,970,0,1425
06037231100,301,497,0,46,7,2475
06037273404,1238,65,0,104,0,26
06037139502,2419,51,0,176,0,615
06037239602,11,630,0,29,0,3033
06037910815,3020,97,2,135,0,1762
06037204600,149,29,0,100,0,3639
06037134520,653,296,0,734,0,3417
06037404901,109,8,33,1206,0,3931
06037462001,389,475,0,313,16,3004
06037551802,569,30,0,292,0,2898
06037920031,3232,36,0,871,0,1799
06037124000,3184,208,46,269,0,456
06037401002,1974,428,0,186,0,1610
06037113238,750,173,0,701,0,2490
06037123901,1513,307,0,161,0,2264
06037532101,88,13,0,439,0,6717
06037650502,1894,287,0,1047,0,770
06037900301,1160,1033,0,317,0,2027
06037135204,2627,264,0,573,0,894
06037104321,11,26,8,13,0,2795
06037106111,1217,122,8,548,0,2726
06037191710,440,33,0,69,0,2014
06037117510,327,220,24,192,0,2984
06037139705,3145,58,79,413,17,20
06037241001,37,1191,0,0,0,3180
06037433803,77,27,0,971,0,2156
06037134103,946,192,35,654,0,2103
06037191301,546,132,9,494,0,852
06037212306,258,96,0,1141,0,1262
06037240010,10,600,0,187,0,3101
06037127910,688,226,85,354,0,3650
06037571201,1969,159,0,233,0,1190
06037227020,12,2,0,2,0,3490
06037238000,156,3391,0,19,0,1385
06037531701,3,105,0,0,0,5290
06037543305,412,770,0,163,42,2301
06037573102,468,483,0,416,0,1436
06037217002,2982,477,0,537,0,580
06037911100,633,246,47,93,0,6152
06037207901,885,586,89,1728,0,267
06037430501,2764,433,0,626,0,595
06037481714,48,45,0,2141,0,334
06037209403,169,405,0,591,0,3549
06037407601,88,62,0,754,0,3281
06037575901,629,879,9,350,0,1501
06037197410,1735,68,0,388,0,1211
06037240901,0,160,0,0,0,2343
06037301601,3916,66,0,345,0,1035
06037134306,694,216,0,825,0,1901
06037106112,853,120,0,361,0,3622
06037242300,17,1057,19,1,0,3757
06037541401,87,422,0,158,0,2726
06037113424,941,100,0,469,0,1530
06037265410,1419,0,0,180,0,68
06037293307,348,191,0,284,0,1679
06037603600,941,190,0,1058,0,1814
06037264303,1982,12,0,252,0,208
06037401202,1682,75,0,445,0,2100
06037403722,656,226,0,679,0,3583
06037183101,925,12,9,321,0,1628
06037910301,2458,52,61,84,20,1499
06037113213,1847,148,0,1018,0,1683
06037920322,1601,12,0,130,0,804
06037920340,789,15,0,147,0,1811
06037191500,1133,264,0,928,11,2974
06037199110,173,0,0,162,0,1968
06037226410,0,39,0,0,9,3497
06037226420,22,194,0,223,18,4768
06037555107,1148,415,0,1497,15,1963
06037430701,1453,42,0,2219,0,1123
06037208001,364,313,0,543,0,1243
06037267800,1961,88,0,877,17,168
06037271804,1373,72,0,404,0,390
06037104620,147,13,0,0,0,3106
06037910212,1724,239,16,127,16,1152
06037240301,114,466,51,14,14,2199
06037480802,249,58,0,1308,0,1542
06037535606,14,10,0,0,0,1875
06037542800,3,1601,0,1,0,1558
06037554511,242,470,0,2531,29,248
06037113235,836,55,0,51,0,529
06037240401,60,1019,0,50,0,4721
06037407502,196,21,0,375,0,3297
06037620704,2232,0,5,914,0,341
06037124204,722,123,0,101,0,1342
06037294701,152,131,0,40,0,2340
06037403601,1337,144,0,1110,0,3893
06037463103,1474,145,0,1873,30,1945
06037900807,780,1979,0,218,0,1184
06037901008,660,911,0,299,40,1233
06037143902,2004,57,0,250,0,590
06037300602,2031,9,0,509,34,537
06037463000,1036,140,0,756,0,613
06037534404,36,0,0,7,0,3075
06037128220,1049,236,0,145,0,1451
06037119001,381,18,36,897,16,2880
06037212304,274,117,0,205,0,1145
06037219700,351,886,0,112,0,2742
06037543502,402,356,0,1310,0,2157
06037121600,1031,9,0,681,0,815
06037541605,27,879,0,303,0,3754
06037572700,129,216,0,2671,275,1878
06037602900,93,577,0,374,0,3155
06037207303,850,345,12,451,0,476
06037128703,1977,490,0,159,0,505
06037237202,106,1178,27,12,0,3054
06037267406,1142,82,0,313,0,395
06037502603,316,1,1,25,0,2986
06037552700,554,163,0,1419,0,4378
06037601501,17,211,0,64,0,3184
06037267405,1525,87,0,219,0,328
06037301901,3121,51,0,342,0,306
06037311400,1604,7,0,181,0,425
06037800205,2146,110,0,968,0,610
06037119900,250,67,0,507,0,3640
06037121222,466,174,0,125,0,4310
06037577602,2196,34,37,370,0,485
06037990300,0,0,0,0,0,0
06037301502,5890,33,0,386,0,713
06037531202,11,81,0,33,0,4368
06037620521,2387,56,0,883,0,1028
06037231800,24,216,0,0,0,5193
06037542200,20,1875,0,8,0,4901
06037600801,54,2346,0,42,0,202
06037920106,1076,117,0,159,0,2078
06037189802,1198,119,0,106,0,403
06037221401,339,1297,0,198,0,922
06037231210,130,1096,0,137,95,2552
06037461300,4301,126,21,190,0,912
06037576602,2275,701,2,228,1,1206
06037670407,1922,467,0,2385,0,667
06037131022,534,110,18,438,0,1693
06037541402,0,461,0,33,0,2724
06037222700,1501,272,26,1347,0,949
06037980021,1,0,0,11,0,4
06037213100,215,420,5,1611,0,501
06037218500,321,613,0,69,0,1493
06037920038,257,63,0,169,0,2448
06037119802,182,35,0,441,30,2394
06037980020,0,0,0,0,0,0
06037533501,15,0,0,0,0,2781
06037106642,2319,34,0,317,0,734
06037128910,2610,115,0,424,0,1111
06037293302,732,190,0,1309,0,2050
06037570902,1807,185,12,194,22,966
06037670417,1181,82,0,1084,0,100
06037212620,355,186,0,1862,0,1346
06037113426,669,28,0,472,0,1036
06037195901,1172,61,0,383,0,737
06037201700,731,334,18,831,0,3114
06037232401,196,835,0,53,29,2199
06037534203,83,20,0,23,5,3155
06037650702,2140,2,0,1277,10,723
06037670701,3003,10,0,1610,0,1491
06037294820,49,8,0,73,0,3145
06037134423,2257,0,0,613,0,513
06037209105,0,143,0,247,0,2715
06037550902,477,77,21,838,0,3924
06037104103,269,578,0,230,0,3023
06037119700,1006,0,0,1259,0,1935
06037500900,290,90,14,151,0,4711
06037910715,509,680,0,425,0,5262
06037480601,1400,214,0,1030,0,1212
06037530603,502,14,0,132,0,3770
06037670324,3896,56,0,1086,0,137
06037211320,195,114,7,707,0,1893
06037530700,131,0,0,17,0,1875
06037231500,119,1582,0,303,0,2825
06037433305,94,36,8,911,0,3440
06037462301,916,215,5,501,22,2050
06037535902,145,77,0,20,0,5429
06037574800,1999,161,0,228,0,567
06037603901,696,261,0,312,0,2496
06037121210,401,66,25,292,9,2246
06037910608,414,492,0,87,0,2950
06037113323,1094,112,0,732,0,1874
06037301300,1674,6,0,140,0,165
06037402903,81,139,0,685,0,2712
06037123204,570,59,0,170,0,2509
06037238320,77,937,0,0,50,2449
06037310705,1185,127,0,987,0,53
06037533002,5,36,0,0,0,2176
06037900102,276,14,4,0,0,339
06037535701,276,0,0,323,0,5121
06037555300,1041,286,6,487,0,2970
06037980030,0,0,0,0,0,0
06037620601,2618,98,0,1827,0,990
06037265301,3567,791,34,5255,23,2656
06037272202,1488,80,0,316,0,782
06037503104,94,0,0,204,0,2046
06037532304,481,173,0,8,0,3232
06037195720,647,73,0,375,0,544
06037267600,1020,0,0,711,13,592
06037400304,2441,238,0,1821,85,3231
06037553702,18,229,0,0,8,4312
06037183510,493,0,0,291,0,1577
06037275311,2214,165,0,1105,25,1080
06037551300,474,208,0,476,45,4308
06037291210,419,1312,12,825,0,2095
06037401101,1830,147,4,639,14,2854
06037408631,547,0,37,1949,0,2457
06037504200,536,249,0,1046,367,4858
06037550101,277,23,0,349,32,3277
06037651001,1859,115,0,1490,0,1354
06037141400,3218,88,0,332,0,1032
06037208903,126,216,0,136,0,3331
06037482522,194,105,36,1897,0,1893
06037570503,357,229,17,351,0,2624
06037900902,839,23,0,0,0,441
06037113324,645,284,0,337,0,1548
06037183702,669,45,5,418,0,1595
06037460800,1786,53,0,543,0,277
06037535605,66,0,0,0,0,4577
06037570001,1496,434,21,861,0,1701
06037132102,1599,168,0,821,0,2292
06037139301,2524,160,0,249,0,547
06037191000,1962,251,52,997,0,1513
06037701302,3421,66,82,601,0,230
06037107020,313,56,0,186,38,4296
06037555001,749,234,0,1725,0,2629
06037117408,190,230,0,169,0,1891
06037106403,324,187,0,60,67,3209
06037405500,603,69,38,1056,0,4328
06037192410,2302,215,0,913,0,461
06037208904,62,67,3,488,0,2930
06037262200,3243,235,0,543,0,306
06037602513,40,786,0,11,0,591
06037123103,1175,139,189,184,0,2081
06037404804,268,3,0,826,0,3126
06037405101,148,36,0,1669,37,3424
06037137504,1179,151,6,128,0,306
06037296902,1084,122,9,197,0,3142
06037601801,4,76,0,99,0,2838
06037980006,0,0,0,0,0,0
06037186404,562,7,0,191,0,1618
06037481500,165,31,31,3187,0,881
06037106406,1242,132,0,513,0,4405
06037480804,419,257,0,2018,0,1855
06037501804,206,104,17,60,0,1728
06037670405,1328,49,0,1116,0,84
06037920112,2198,114,0,406,115,966
06037106641,1352,50,0,397,0,166
06037123510,1800,79,0,568,0,2134
06037195600,884,57,0,366,0,1379
06037296500,517,151,0,6,29,2970
06037434003,67,17,0,367,0,3214
06037554515,422,329,0,2076,0,394
06037296600,761,418,0,270,65,3510
06037405203,278,15,0,640,0,2101
06037602404,352,1246,0,270,23,3930
06037407602,248,176,2,445,5,3087
06037211202,274,82,0,730,0,1111
06037530203,202,0,0,276,0,2307
06037542700,22,762,0,0,43,4878
06037141201,2070,374,0,342,0,837
06037115204,1403,645,0,506,0,1239
06037291220,175,334,0,703,0,1663
06037115202,1615,365,19,927,52,2651
06037531000,91,0,0,0,0,4518
06037104500,59,5,6,17,0,3444
06037192001,1400,133,38,168,0,321
06037228800,11,355,0,110,0,4899
06037603400,427,512,6,1029,20,1611
06037541606,0,473,0,0,0,2258
06037553602,126,926,0,128,0,3797
06037650501,1213,0,0,925,0,387
06037701701,1817,141,9,403,0,709
06037501600,2438,32,0,352,0,4186
06037910302,2657,262,91,308,0,2957
06037137104,1526,85,0,157,0,123
06037125403,1110,324,0,214,0,844
06037274100,2493,827,0,441,0,425
06037500700,110,71,0,168,0,6064
06037542106,15,279,0,41,0,1977
06037113322,2268,594,1,619,0,1207
06037115101,2848,40,0,774,0,953
06037209106,314,248,0,430,0,1054
06037408504,643,14,0,1850,0,2866
06037540700,34,980,12,56,0,1968
06037267403,2179,218,0,416,0,578
06037128801,2177,288,25,443,0,650
06037127604,957,286,0,202,0,1597
06037300200,2595,97,10,1586,0,867
06037433402,74,26,11,1235,0,3222
06037910804,1772,0,0,79,0,1084
06037650300,1776,286,9,3054,34,2181
06037191620,521,23,0,690,0,1535
06037401802,1653,258,0,364,4,914
06037481603,215,19,9,2610,0,727
06037571400,1392,307,0,934,9,1900
06037651201,1790,28,7,1729,0,715
06037901003,548,1270,24,22,4,1380
06037189502,1078,100,0,116,12,413
06037408503,1054,85,9,2923,0,2554
06037552200,253,470,0,538,38,4752
06037573101,412,747,20,589,0,2373
06037113303,1088,164,0,831,0,1438
06037190702,673,99,0,187,0,385
06037209103,46,258,0,93,0,2818
06037543703,370,259,0,981,62,2403
06037650901,1395,216,0,1882,0,1253
06037209104,155,156,0,217,0,2021
06037461502,1074,1223,5,316,0,3230
06037199002,556,10,0,707,0,1577
06037572201,1217,864,0,1072,47,2072
06037980014,4,36,0,0,0,0
06037208802,220,243,0,674,0,1563
06037104824,10,0,20,0,17,2535
06037127300,903,302,0,450,0,2443
06037670604,3046,0,0,1135,0,390
06037104401,88,29,0,0,0,2966
06037300800,4225,60,0,776,0,1186
06037620201,1226,13,11,88,0,81
06037101110,2201,82,4,292,5,1427
06037197200,334,48,4,1787,22,1248
06037237800,89,1673,0,6,14,2353
06037294830,183,143,46,22,0,3474
06037300301,3785,57,0,1383,0,336
06037602302,2542,17,0,1003,29,814
06037115103,930,245,0,591,0,739
06037119310,887,151,8,574,0,2115
06037139402,2051,50,0,173,0,223
06037480201,938,34,12,1521,16,1116
06037542501,0,1438,0,13,0,2233
06037120300,1242,255,0,1359,0,2475
06037275604,5912,581,0,1746,0,1240
06037533001,0,192,0,0,0,4176
06037900705,1696,538,0,180,20,1325
06037480602,2077,195,28,793,0,639
06037275312,1579,21,0,175,0,102
06037183402,880,23,4,617,0,1370
06037206050,138,18,32,151,0,1932
06037231301,59,222,0,0,0,1936
06037121900,563,25,0,79,0,2662
06037137103,3309,137,0,517,0,697
06037139302,1531,322,0,926,0,1795
06037134905,2550,1397,0,1017,46,791
06037188100,1596,92,0,451,0,1442
06037543000,31,1587,0,295,0,2291
06037212900,414,381,0,919,0,1932
06037265521,831,0,0,535,0,101
06037600202,197,2012,0,0,295,4339
06037650200,2087,223,0,1594,0,1731
06037650802,677,76,0,2488,0,260
06037204110,54,33,2,38,0,2699
06037535607,30,32,0,44,0,4496
06037575101,484,679,0,929,0,2102
06037115301,1703,102,0,1248,0,1094
06037213202,114,182,0,1219,0,2044
06037481403,188,2,0,2287,57,504
06037552800,435,322,0,494,31,4903
06037134521,40,38,3,74,0,2534
06037234200,148,1470,0,307,0,586
06037294520,100,45,9,38,0,3369
06037214600,1585,194,0,128,0,188
06037403319,578,52,0,2072,20,808
06037603004,131,443,0,488,0,722
06037670101,1142,184,0,346,0,1342
06037109100,935,102,0,525,0,1293
06037296210,267,167,8,59,0,2707
06037101400,2197,58,0,314,0,740
06037464200,959,0,0,4086,0,431
06037601301,336,729,0,61,0,648
06037241120,84,585,0,96,0,3302
06037262302,2450,16,0,98,0,120
06037294200,249,6,0,90,13,3928
06037127712,866,309,0,257,0,2509
06037503401,2074,36,0,352,0,4482
06037241110,29,630,0,15,0,2858
06037123303,1062,68,0,106,13,1529
06037271902,2048,235,51,316,0,1073
06037273300,1808,444,0,88,0,443
06037262802,3011,0,0,248,0,113
06037432902,150,28,31,1724,22,921
06037530202,158,0,0,142,0,3833
06037183221,797,71,0,353,0,1917
06037220000,491,1806,16,159,0,1790
06037405400,457,159,0,616,12,3665
06037191610,740,261,0,586,0,1984
06037218220,636,1064,0,394,0,1765
06037503602,1221,2,0,968,0,1528
06037920044,1095,131,0,237,8,1037
06037214903,1175,64,0,161,0,75
06037551801,248,47,17,292,23,2553
06037621301,4022,171,0,1419,11,900
06037131023,590,117,0,253,0,1611
06037462800,1088,155,0,440,0,1006
06037540300,34,36,0,0,0,4359
06037194101,2112,161,0,338,39,481
06037576903,736,768,0,323,0,2124
06037294301,161,3,0,165,0,2453
06037408401,360,2,8,1043,99,2771
06037531503,68,0,10,0,0,2367
06037214904,1211,66,0,73,0,81
06037219020,387,849,0,70,0,2873
06037533108,38,10,50,40,26,4594
06037540800,86,2530,0,100,22,2519
06037602512,107,93,147,421,114,949
06037120103,86,52,0,52,0,2689
06037297002,1932,64,59,325,0,1669
06037408722,396,2,7,2585,0,1161
06037602504,201,1253,0,388,0,2802
06037208002,374,0,0,218,0,3417
06037301801,3571,17,0,1030,72,676
06037576802,1937,461,0,268,16,1609
06037216402,1792,22,29,135,0,446
06037228900,4,131,0,0,0,2984
06037980004,0,0,0,0,0,0
06037535300,43,156,0,7,0,5612
06037261103,1369,50,0,122,0,75
06037201110,323,47,0,187,0,1710
06037408703,483,57,7,4022,9,844
06037980024,94,0,0,26,0,80
06037117303,1184,36,0,770,0,2132
06037311801,1495,104,23,155,0,1066
06037651002,1344,192,0,1988,11,1042
06037103300,2918,101,18,185,0,492
06037222500,87,915,0,105,0,2942
06037401902,3997,193,0,370,12,1301
06037403902,1506,211,0,658,0,2733
06037191203,490,38,0,632,0,820
06037702002,3700,719,0,575,0,766
06037534102,33,86,0,9,0,5720
06037621324,2569,141,22,331,0,241
06037670416,1871,137,1,1232,1,267
06037920118,2138,94,12,635,0,2829
06037297201,1020,134,23,356,0,2302
06037109300,822,58,0,496,0,1327
06037134422,2788,221,0,1000,0,781
06037139802,2848,358,0,301,0,205
06037221710,257,63,0,344,0,1979
06037402404,621,159,0,359,0,431
06037576503,1194,287,0,193,0,2028
06037181000,2528,7,0,1299,0,1293
06037240020,5,1003,0,0,0,4358
06037276000,3754,293,0,1350,0,944
06037131024,744,274,0,439,0,2279
06037554302,165,546,18,648,0,2472
06037106408,155,147,0,64,0,3451
06037302104,1431,134,0,916,5,958
06037134522,862,26,12,368,0,3201
06037901102,2295,739,41,130,0,1906
06037203602,68,18,76,69,0,1733
06037670202,1434,4,0,602,0,346
06037701601,2790,64,17,516,0,426
06037900501,1451,1867,0,56,0,4249
06037990100,0,0,0,0,0,0
06037232300,144,1109,0,0,18,3241
06037276607,1461,320,0,436,0,300
06037310701,1514,115,0,198,0,566
06037920314,1648,17,0,436,0,993
06037211704,389,297,19,1196,0,708
06037310201,3119,42,0,434,0,851
06037135205,1421,48,55,181,0,54
06037403323,376,348,278,3596,0,900
06037554522,706,278,0,2683,0,990
06037125101,1733,654,82,513,0,1071
06037221303,207,183,0,144,0,1997
06037134104,781,150,0,1444,37,1480
06037295103,2505,209,16,507,0,1446
06037920013,3031,765,0,1173,174,1879
06037106114,255,73,10,726,15,5757
06037301203,2638,83,0,499,0,331
06037900504,891,1673,0,293,0,3456
06037540000,110,94,4,130,0,6373
06037297601,1385,141,21,6,76,1591
06037650101,811,81,12,2858,9,812
06037406601,690,269,8,1589,9,2273
06037502004,225,42,2,147,0,3205
06037532605,27,99,0,25,0,4237
06037221810,278,52,0,646,127,1114
06037267902,2359,241,1,496,7,218
06037401901,1493,262,0,1175,5,805
06037404703,38,49,12,594,0,2488
06037502700,492,67,0,206,28,6461
06037237102,33,993,0,16,0,2928
06037460002,1334,26,0,737,0,433
06037503501,1066,48,0,422,0,5227
06037800335,3158,3,16,146,0,681
06037115302,461,94,24,340,0,2918
06037127102,1153,373,0,223,0,3543
06037600201,17,1501,0,2,0,3539
06037602802,58,2746,1,103,30,1287
06037127606,733,113,0,405,0,1907
06037572001,2878,908,0,441,0,1528
06037218300,1151,1093,31,214,0,1948
06037185102,2075,77,0,261,0,891
06037187101,1053,0,0,616,0,1152
06037620001,2142,164,0,453,0,1011
06037134001,428,203,0,391,0,2353
06037273200,1600,191,0,181,0,600
06037570504,306,582,0,338,0,1914
06037271400,2271,0,12,397,0,245
06037400209,2208,348,0,864,0,948
06037143200,2114,257,0,384,0,1239
06037186302,1874,42,0,872,0,1683
06037273100,1994,90,0,359,0,461
06037462100,1080,286,0,366,0,2607
06037571701,838,492,0,290,0,4532
06037124103,438,34,0,216,0,1187
06037224600,143,199,0,63,0,2673
06037535501,41,9,0,0,0,2899
06037554105,300,592,0,631,14,2696
06037214700,1755,146,0,219,0,326
06037232402,174,1009,0,0,0,1856
06037406701,159,281,6,512,0,2193
06037700200,3883,82,24,225,0,1731
06037700600,4264,0,45,294,0,280
06037141101,2893,143,0,203,0,897
06037271500,1818,56,27,452,0,369
06037571202,1387,457,68,495,108,1103
06037920332,1206,37,4,87,3,661
06037139506,2257,0,0,165,0,518
06037431600,600,70,9,2646,3,464
06037530400,0,0,0,822,0,2737
06037543503,659,366,0,2237,26,1790
06037601900,43,1038,6,0,0,3280
06037431501,669,9,0,1918,2,1208
06037481101,680,132,0,1981,0,1367
06037125102,1444,146,0,78,0,238
06037119201,252,33,5,190,0,3459
06037432700,226,0,0,1251,8,3107
06037269908,573,216,0,490,0,539
06037276102,569,1354,0,310,0,605
06037310704,2614,63,74,410,0,984
06037403326,176,43,11,1392,7,655
06037186201,861,39,0,1257,0,1108
06037192510,178,13,0,1341,6,2400
06037430803,690,0,6,3226,0,967
06037701702,1968,316,0,291,0,369
06037189101,1729,102,0,342,0,271
06037228310,19,170,0,1,0,4303
06037920042,2317,321,0,995,12,2942
06037199300,811,50,26,852,0,1944
06037209202,120,55,0,129,0,1092
06037241202,140,1695,0,0,0,2860
06037134101,983,67,0,1930,0,1583
06037143603,1435,273,12,306,0,334
06037433601,124,1,0,3011,85,1652
06037211122,450,274,0,856,0,845
06037502100,694,43,0,714,16,3793
06037620102,2483,32,11,349,0,701
06037237600,10,940,9,0,0,3092
06037550602,794,72,0,235,43,2645
06037599000,1158,5,0,4,0,2091
06037141500,2258,302,0,85,0,185
06037204200,42,40,0,103,20,3112
06037533902,114,0,0,0,0,4225
06037218210,538,401,0,184,0,2952
06037134720,1073,172,0,910,0,2975
06037540502,47,788,0,0,0,5858
06037143402,1623,54,0,59,0,153
06037269602,929,130,0,101,7,977
06037503704,695,14,0,2613,0,1023
06037576401,327,101,0,453,0,2954
06037127605,706,216,42,15,0,2532
06037206303,541,914,20,48,0,721
06037482202,192,58,0,3521,0,1336
06037543321,365,2842,81,1557,4,580
06037275605,1083,435,0,673,0,568
06037310800,2923,90,0,705,0,1122
06037553201,447,278,55,311,0,2544
06037294620,29,257,0,32,133,3409
06037980033,3,0,0,0,0,6
06037400801,2832,105,45,1371,0,2249
06037602301,1859,313,0,735,0,3498
06037221402,272,587,8,564,0,1235
06037670328,2319,398,0,1120,0,271
06037217001,2127,24,0,39,0,389
06037540201,25,6,0,14,0,2195
06037670702,3626,0,0,1131,21,813
06037910721,1361,325,0,143,0,1994
06037106113,460,50,18,607,6,2656
06037185202,1778,0,0,367,0,1686
06037190801,1019,350,22,311,0,1279
06037300501,1082,0,0,1071,0,545
06037302505,2364,135,0,573,10,871
06037195803,1048,92,0,243,0,816
06037228100,280,62,0,22,0,3944
06037302003,2748,24,0,360,0,385
06037132002,1202,96,0,88,0,1928
06037401001,1415,0,0,304,0,782
06037552100,481,303,0,834,0,3699
06037670201,2240,103,0,605,0,436
06037910808,1716,246,0,63,0,1752
06037206053,201,149,0,330,0,2315
06037401500,1725,261,0,566,0,3341
06037530301,12,0,0,113,0,1948
06037269906,1263,258,0,856,0,469
06037533602,176,355,8,9,0,4397
06037267901,1874,101,0,616,0,129
06037183820,350,211,0,441,0,2502
06037190302,1375,96,0,432,0,596
06037237101,42,735,0,64,0,3272
06037265204,792,0,0,491,0,145
06037576601,1368,480,13,490,26,1564
06037701801,1802,604,59,772,0,2496
06037139600,4196,35,0,242,0,353
06037205110,14,8,14,0,0,3642
06037300701,3687,0,0,525,0,365
06037404600,74,0,0,11,6,1248
06037239310,3,379,0,6,0,3631
06037553300,462,132,0,497,0,2612
06037601700,68,345,0,226,95,4447
06037115404,493,131,0,552,0,1265
06037503601,999,95,0,425,8,2504
06037800334,2328,27,0,145,0,926
06037187300,2054,128,8,518,0,940
06037271901,1346,449,0,458,0,993
06037406903,183,215,0,880,44,5890
06037651402,1540,93,0,2485,0,780
06037189300,1815,61,5,522,0,142
06037482521,456,55,28,3335,0,1441
06037920018,1348,10,0,67,0,533
06037218600,458,712,0,351,0,1366
06037231220,94,668,0,414,0,2854
06037462700,1728,357,0,1176,0,2167
06037123520,886,54,0,105,0,1326
06037209810,196,107,0,237,8,2096
06037234501,177,1585,0,40,0,878
06037277100,1632,11,69,757,53,487
06037570901,2099,72,0,890,105,2115
06037192002,2034,54,0,166,9,229
06037481401,320,72,0,3715,162,1071
06037207712,982,738,0,1773,0,1006
06037540203,100,373,0,6,0,4567
06037920020,3253,3,0,375,4,2002
06037189704,1326,79,0,94,0,519
06037702502,1756,583,0,886,0,704
06037543804,473,274,0,2419,0,1226
06037554700,101,23,13,541,0,3379
06037131802,545,242,0,352,0,1165
06037214505,851,120,0,212,0,192
06037119004,265,0,0,213,0,2281
06037402200,1120,654,0,655,8,4537
06037534803,71,0,0,49,0,4397
06037621204,1718,123,14,547,0,244
06037481604,140,108,7,2278,0,1602
06037482801,267,7,0,1585,0,1906
06037910211,1114,91,9,117,0,401
06037209402,143,68,13,151,0,3709
06037311601,1048,169,0,307,0,1200
06037503802,1254,180,0,1445,0,2059
06037269500,3286,10,0,310,0,339
06037111401,835,27,0,403,0,870
06037123205,506,31,7,51,0,2153
06037204700,201,19,5,27,0,4262
06037211922,209,230,27,1064,14,1736
06037554204,533,532,0,194,0,3414
06037123010,340,32,0,85,95,3276
06037204300,88,15,0,78,0,4681
06037310501,1039,263,0,179,15,2082
06037701602,2272,316,0,489,0,958
06037226701,0,67,0,14,0,2437
06037242202,11,789,0,0,0,1892
06037407202,142,0,274,277,0,2371
06037119320,416,161,0,613,0,3102
06037134305,236,39,0,304,0,3049
06037143302,2302,134,0,291,0,435
06037533703,0,0,0,80,0,3836
06037132700,1728,177,0,236,0,2682
06037502401,277,70,0,137,0,4590
06037577400,2058,95,0,139,0,428
06037920120,1687,312,0,1033,0,769
06037103402,2253,475,0,344,0,582
06037293203,330,134,0,601,0,1642
06037117101,946,398,0,1686,0,2009
06037270200,989,519,40,299,0,1541
06037301802,2939,339,0,793,0,989
06037551402,739,196,33,143,0,3941
06037297400,2111,55,0,268,0,844
06037403801,978,530,19,707,0,3138
06037532200,159,133,1,239,0,5875
06037106648,331,0,25,0,35,4322
06037186401,142,78,0,320,0,2374
06037901007,1009,267,0,63,0,635
06037573800,2238,86,0,331,68,1070
06037203500,177,72,0,429,0,2142
06037402503,113,193,36,856,0,3132
06037432601,274,276,19,1926,0,3834
06037270101,1014,204,0,329,0,113
06037407201,75,16,0,410,0,2881
06037533104,155,6,0,45,0,4101
06037113301,2214,51,22,1190,9,708
06037405900,720,83,0,595,0,2786
06037900607,894,584,0,27,0,3243
06037920312,2503,158,0,307,20,3204
06037137302,3243,233,0,171,0,709
06037402301,617,92,26,551,93,4052
06037601211,155,1078,0,33,5,1525
06037910720,654,831,0,71,0,3737
06037206054,4,15,0,352,0,2063
06037531102,7,16,0,36,0,2369
06037570603,537,2713,0,147,281,1643
06037104610,67,0,0,10,0,3024
06037141304,2243,184,0,113,6,327
06037432602,88,1,0,1938,0,2383
06037310703,3650,18,0,518,0,1005
06037400208,969,0,0,132,0,212
06037701502,2275,309,0,161,0,846
06037104701,12,30,0,9,14,3851
06037271600,2093,183,6,1974,0,858
06037433304,140,33,0,1203,7,2589
06037535200,4,789,82,0,0,4846
06037576700,2104,152,0,185,73,1325
06037571900,2695,804,0,910,0,1267
06037277000,3443,247,67,692,20,1234
06037460900,1399,683,0,660,0,3388
06037137301,1657,14,0,162,0,121
06037265304,1097,142,11,1250,0,474
06037192610,659,141,0,585,0,2571
06037192700,743,95,0,354,0,1827
06037122420,416,3,0,172,0,4671
06037228210,5,267,0,54,0,3372
06037552001,377,253,53,499,0,2671
06037609900,439,148,0,143,8,921
06037920048,1744,106,4,234,0,3252
06037104124,1421,415,6,191,0,1988
06037215101,1673,127,0,359,0,584
06037234002,122,1159,0,32,0,1508
06037239801,23,921,0,0,0,3179
06037400602,586,115,10,214,0,3425
06037191420,543,26,0,456,0,1952
06037265602,2398,34,0,340,0,95
06037920121,3907,1086,0,3465,0,2196
06037189201,1767,33,0,177,0,727
06037542900,0,449,0,1,0,3064
06037600100,6,2233,18,0,0,4889
06037137501,3218,234,0,1154,0,537
06037238400,73,3030,0,60,4,937
06037403409,533,41,0,2476,22,762
06037408626,218,230,0,2661,0,632
06037920035,2141,274,4,257,0,5260
06037980009,1,0,0,1,0,3
06037292001,216,370,0,1188,0,2638
06037296401,1593,312,5,235,0,1057
06037310202,3235,54,7,525,0,431
06037408625,464,24,0,1937,0,1436
06037700502,2739,229,0,331,0,541
06037700801,3048,213,0,491,0,234
06037141102,1845,181,0,89,0,377
06037702801,2226,172,37,1839,0,954
06037239330,0,267,0,0,0,2834
06037534802,39,4,0,17,0,2406
06037575802,348,128,0,230,57,3399
06037980035,50,0,0,68,6,514
06037131701,1174,233,0,1219,0,2089
06037212501,390,92,0,403,0,963
06037113237,1924,463,0,794,0,1291
06037265523,1237,0,0,360,8,309
06037139401,1532,246,0,121,0,430
06037500600,98,17,0,82,0,5660
06037531603,53,16,0,6,25,3383
06037534001,28,0,0,0,0,5126
06037117301,1148,165,0,366,0,1740
06037236204,68,1410,0,135,0,1668
06037273800,1822,65,8,209,0,627
06037464000,2744,166,0,1433,12,853
06037216302,1569,341,0,377,0,589
06037460502,2703,37,10,1532,0,247
06037433903,215,0,30,497,0,4681
06037910602,585,845,0,135,28,2945
06037232602,61,1767,0,0,0,3679
06037480500,2630,42,0,1336,14,959
06037503105,304,22,0,483,12,2447
06037910213,571,8,24,44,0,716
06037273902,2803,304,0,277,29,322
06037900506,820,1447,0,1,1,2485
06037195804,616,40,24,336,29,1406
06037238100,181,3246,0,36,0,1541
06037432202,150,38,4,2323,0,1029
06037980002,0,0,0,0,0,0
06037462302,1068,370,0,413,0,1334
06037480303,285,247,0,2390,0,1415
06037530006,581,9,0,1104,0,2881
06037201501,461,251,55,761,0,3914
06037213310,85,32,45,954,0,1403
06037461400,1483,159,5,130,0,852
06037131600,860,398,0,853,0,2460
06037217200,949,950,10,283,19,1501
06037651304,2922,0,155,1014,0,552
06037183620,730,11,0,421,0,1842
06037231901,0,324,0,4,0,3107
06037602103,238,1207,0,177,0,3839
06037536103,109,46,0,18,0,4909
06037135115,1155,159,48,1911,0,459
06037232601,0,478,39,59,0,1112
06037236203,140,1607,0,11,0,1645
06037124102,1129,285,0,684,0,1346
06037224320,0,59,14,176,0,3319
06037401705,1064,142,0,163,16,1107
06037207502,1034,197,0,1984,0,460
06037221602,86,96,0,183,0,1858
06037543501,350,401,0,3315,0,2166
06037104704,350,282,3,133,0,3809
06037207306,849,360,0,387,0,379
06037297120,615,307,0,209,49,2241
06037120030,268,16,14,142,0,2119
06037211703,302,100,0,2375,0,1514
06037461600,816,1123,0,804,0,2180
06037533300,11,0,0,26,0,3024
06037535802,89,32,0,10,18,6115
06037980018,0,0,0,0,0,0
06037197420,1530,257,0,382,0,1267
06037400206,2803,55,14,946,38,1262
06037530204,43,0,0,169,0,3477
06037224701,774,223,0,799,0,441
06037542602,53,1365,0,0,0,3818
06037910504,421,748,0,210,0,2633
06037216902,831,278,9,109,0,407
06037900510,301,1548,0,104,0,1786
06037131801,444,35,0,565,0,1737
06037540202,184,358,0,143,0,6455
06037553000,836,223,0,369,20,3520
06037120105,174,32,0,325,0,2164
06037403407,255,30,0,1677,0,277
06037432402,239,1,0,1914,19,3170
06037111202,2151,119,47,1340,0,1754
06037301602,1330,75,18,245,0,1649
06037404902,99,12,0,1073,0,2113
06037502402,99,9,0,82,0,3234
06037229100,47,482,0,0,0,3942
06037302103,3088,1,0,434,0,1356
06037405002,106,2,15,383,0,2730
06037406500,427,118,0,2700,0,4367
06037106645,2053,8,75,387,0,1000
06037302504,1908,31,0,327,0,1130
06037910405,425,1015,0,135,0,4124
06037920046,896,184,0,157,0,2275
06037194300,2303,39,0,64,18,350
06037294410,524,1113,0,685,133,2532
06037122410,283,58,0,252,0,3376
06037261200,2741,45,0,431,0,447
06037502901,579,28,0,56,0,4610
06037570305,291,823,0,317,0,3286
06037575401,256,665,0,59,0,3261
06037600400,89,2700,0,122,0,827
06037106407,201,137,0,74,0,1908
06037460301,1453,1770,18,293,0,841
06037980023,0,0,0,30,0,0
06037113423,785,49,0,224,0,1674
06037141600,2976,103,0,321,0,461
06037204920,68,49,0,0,0,2331
06037207902,2095,752,0,2886,0,955
06037211410,241,137,12,1208,0,1243
06037213402,218,215,17,739,1,3225
06037221210,234,142,0,246,0,2209
06037405600,421,176,0,1437,0,3656
06037531502,28,90,0,0,0,3091
06037576001,2713,704,150,719,0,1404
06037980015,149,264,0,118,0,498
06037119340,127,118,0,90,0,3413
06037204410,68,0,0,33,0,2278
06037267101,1866,0,0,471,0,378
06037501900,1182,35,9,134,0,2744
06037533103,29,0,0,0,0,3160
06037203800,88,27,0,78,0,4610
06037237300,133,2223,18,27,0,3105
06037535102,45,449,0,11,12,4005
06037543100,4,2207,0,18,0,4105
06037553503,69,210,0,0,0,2734
06037576801,1437,311,23,383,0,1297
06037577604,1225,37,0,14,0,250
06037119342,180,25,13,525,0,2033
06037241002,34,1156,0,0,0,2477
06037800104,2734,82,0,256,0,308
06037208610,321,161,2,1374,159,2169
06037404702,113,57,5,1447,0,3090
06037542103,30,375,0,6,0,2866
06037570100,470,296,0,941,63,996
06037570602,339,625,0,2414,0,2098
06037800328,868,0,0,214,0,175
06037920102,2189,50,0,759,0,1375
06037203601,11,17,0,54,0,2582
06037301205,1642,0,0,223,0,125
06037124105,530,123,6,112,0,1292
06037276101,1027,706,0,742,0,668
06037311100,2086,31,0,490,0,1345
06037482600,650,60,0,4169,0,1340
06037574300,3643,278,16,461,0,1991
06037650701,1144,18,0,812,11,432
06037261104,1350,0,0,90,0,70
06037432001,390,60,8,1347,0,338
06037501302,865,30,0,172,4,3425
06037532302,46,17,0,96,0,4463
06037242600,4,1714,18,0,0,2906
06037273700,1878,84,0,107,0,504
06037430901,731,203,0,498,0,2355
06037620701,3856,228,33,1366,0,1038
06037194500,1658,86,0,160,0,125
06037400605,1726,203,0,2609,0,2311
06037920303,816,108,0,427,0,91
06037408627,229,25,0,1802,0,548
06037530102,665,8,0,273,0,3830
06037201601,143,145,0,212,0,1763
06037211500,1544,205,0,1179,0,796
06037208401,141,358,9,967,8,2306
06037571800,1389,313,0,396,0,767
06037139001,3850,32,10,393,0,877
06037228420,0,99,0,0,0,2790
06037310400,2005,101,13,332,0,683
06037137000,3341,125,0,483,3,690
06037463601,2906,381,0,1531,0,1074
06037570701,1795,1452,0,1708,49,2016
06037573401,403,114,5,257,24,622
06037433200,303,39,20,1568,117,3961
06037125321,1398,139,0,273,0,881
06037224200,94,76,0,65,0,1887
06037409100,391,87,4,1512,34,3415
06037481001,541,315,8,2266,0,1292
06037195202,2234,37,0,209,8,639
06037601303,191,3608,0,80,0,1471
06037408138,177,65,0,256,0,4367
06037214902,1877,98,0,178,0,139
06037235202,220,2395,0,0,0,952
06037120107,181,37,0,286,12,3561
06037501802,760,136,0,140,16,2051
06037602511,7,2350,0,40,0,1699
06037224020,131,224,12,69,0,2133
06037402001,1142,447,0,668,0,1757
06037532606,104,31,10,9,0,3898
06037460501,2526,20,0,2092,0,252
06037500800,203,0,0,18,0,4496
06037127220,542,99,0,589,0,3350
06037534002,230,20,0,48,0,3666
06037574901,2274,81,20,391,0,846
06037554513,189,150,19,1654,125,240
06037570800,2061,297,24,797,0,1761
06037131200,1875,150,0,268,0,1324
06037530801,334,3,160,325,0,5047
06037211921,78,62,51,956,6,729
06037183810,777,8,0,122,0,3094
06037311602,2474,318,0,517,18,920
06037139701,4935,122,0,105,0,352
06037143606,1010,247,0,262,0,174
06037800324,4407,59,0,737,23,608
06037543607,333,262,0,2421,40,1767
06037192300,1499,71,0,333,0,621
06037503502,851,11,54,256,0,2637
06037651401,993,12,0,1018,0,245
06037910002,1697,0,31,90,100,5279
06037408705,411,22,5,4049,0,979
06037108102,1735,57,0,1226,0,362
06037576403,481,571,0,555,10,2918
06037980011,21,28,0,0,0,52
06037204910,151,0,0,0,0,3193
06037573700,2348,163,0,651,0,2024
06037222001,267,513,7,161,0,1828
06037602403,477,585,0,124,16,2982
06037119801,234,1,0,354,0,2075
06037128102,719,175,11,405,0,3540
06037190202,1138,476,0,468,0,472
06037461901,690,331,0,420,18,3025
06037533901,31,246,0,0,0,4816
06037577800,631,3,0,561,0,3460
06037243002,24,97,0,56,5,2507
06037408213,273,122,0,3188,62,2003
06037900808,1034,978,15,62,31,2804
06037121101,580,69,0,119,0,2535
06037232110,18,428,0,16,0,2924
06037700902,4184,64,0,1099,0,689
06037216901,1004,864,0,112,22,377
06037461902,840,137,28,479,0,416
06037219902,593,462,0,66,0,2263
06037533504,31,8,0,19,0,3821
06037800337,1779,174,0,315,0,542
06037189903,1542,112,0,134,0,316
06037229200,4,288,0,53,0,4129
06037231400,198,754,0,198,3,3190
06037541603,18,185,0,19,0,2588
06037134421,2665,83,18,640,0,484
06037195500,2499,24,0,859,0,1404
06037500202,2136,5,0,553,0,1836
06037500500,81,2,6,83,0,2648
06037571704,206,679,26,370,0,2445
06037432101,473,0,0,3255,51,746
06037117407,59,39,0,50,0,2971
06037262400,2317,52,0,134,0,239
06037460302,960,1158,7,132,0,1714
06037294110,351,13,0,184,0,3300
06037216202,1108,576,0,260,0,491
06037262601,2677,28,0,337,0,135
06037404504,174,145,0,902,0,3420
06037601212,204,1378,0,96,0,3306
06037267502,1815,23,0,440,0,861
06037920110,1401,0,0,619,0,632
06037920341,264,19,34,234,9,2392
06037531201,0,12,0,0,23,4145
06037119341,145,70,0,693,27,1798
06037127804,952,176,75,523,282,2325
06037276400,2806,290,0,509,14,583
06037554519,267,178,0,2525,0,149
06037602601,162,2972,0,221,0,1415
06037189702,1715,219,0,19,0,293
06037228410,16,55,0,52,0,2895
06037900704,623,1180,0,219,0,1150
06037533402,18,0,0,0,0,3970
06037551502,451,239,4,360,13,3450
06037195802,613,10,0,724,0,1385
06037602700,221,2333,0,216,0,638
06037125322,737,136,0,161,0,846
06037131100,1267,6,0,286,0,1331
06037481103,155,14,0,2864,0,2053
06037550601,524,283,0,387,0,4601
06037980025,5,340,4,37,0,20
06037143802,1696,59,0,281,0,86
06037408505,210,38,13,1239,0,873
06037460401,236,350,0,161,0,280
06037700400,3579,58,0,366,0,276
06037901014,1745,673,22,488,0,1946
06037109400,472,17,0,224,0,2863
06037191901,2138,420,0,355,15,906
06037403327,543,100,0,926,0,772
06037403703,1726,62,0,757,0,2037
06037433506,3,10,0,727,0,2839
06037920017,2289,60,0,138,0,1530
06037121802,621,206,0,221,0,2131
06037123800,3518,65,26,285,0,1211
06037405201,162,16,68,855,0,4240
06037603301,239,34,0,1707,0,1245
06037190401,1466,239,0,141,0,813
06037293306,821,123,0,525,0,883
06037183103,1186,68,0,350,0,2526
06037209300,343,797,0,540,0,3073
06037407101,59,0,0,470,0,3776
06037125310,1569,797,0,356,0,1248
06037271100,1122,18,3,507,0,451
06037293304,777,293,0,503,0,3092
06037311200,1952,27,0,143,0,919
06037111204,2566,70,17,1477,0,1372
06037294510,149,31,0,243,0,3938
06037186203,1402,17,0,176,0,1035
06037271703,1389,44,0,722,64,391
06037480002,594,33,0,2424,0,619
06037910713,419,1046,23,83,0,5435
06037552002,328,36,34,582,17,2301
06037980003,0,0,0,0,0,0
06037433804,100,74,90,516,0,3801
06037532800,2,141,0,27,0,4121
06037920016,2749,146,12,405,0,1583
06037536104,119,173,0,45,0,3134
06037543701,146,117,0,1160,5,1554
06037603703,499,210,0,500,157,1185
06037464102,976,40,0,2830,16,411
06037602510,204,1169,109,137,0,2287
06037272302,1534,145,0,370,0,1676
06037920119,709,108,0,307,0,610
06037134904,990,154,0,1170,0,2229
06037207308,629,171,0,213,0,172
06037571703,312,529,0,530,0,1967
06037574602,647,79,0,280,0,197
06037125200,2199,324,0,209,0,1163
06037218110,408,696,12,278,0,1721
06037236001,1299,1979,0,115,67,376
06037543803,394,292,0,1675,80,1569
06037980019,65,0,0,10,0,0
06037128210,534,185,0,234,0,3965
06037406300,1087,46,203,1866,0,2238
06037551001,546,22,0,175,0,2401
06037403408,401,89,29,4509,0,1097
06037555002,779,304,0,499,387,1691
06037576904,1028,483,9,185,0,1286
06037241201,25,1097,0,40,0,1940
06037504001,1954,77,11,1036,0,1864
06037276500,2756,317,13,938,0,1126
06037502005,803,37,0,10,0,3412
06037194102,1681,53,0,391,0,328
06037294900,87,499,0,78,0,3381
06037430200,602,26,0,273,0,128
06037480304,298,28,0,2419,0,1346
06037800202,5114,186,25,360,0,225
06037910709,713,77,0,17,0,847
06037602104,225,929,0,294,0,4019
06037901217,1011,0,0,182,0,285
06037910217,734,1111,50,521,34,2965
06037132302,679,84,0,620,0,1659
06037264103,2003,30,0,198,0,420
06037620904,2526,0,0,50,0,103
06037481605,57,38,0,1661,0,1021
06037980034,0,0,0,0,0,0
06037232800,33,466,7,0,0,3613
06037408140,25,15,0,186,0,3183
06037600902,480,3149,0,83,0,1997
06037603007,268,1078,0,669,0,1071
06037603101,653,395,120,1442,0,2105
06037269300,2900,12,0,179,0,278
06037300601,3280,148,0,1276,0,1053
06037406103,1558,537,0,747,14,4938
06037461501,1014,584,5,275,0,1399
06037195300,1649,108,0,218,0,829
06037401312,1702,48,1,1019,0,1567
06037503202,408,73,9,276,20,3367
06037536102,546,71,14,18,0,2620
06037536202,171,25,0,0,0,3992
06037554514,572,507,0,2217,59,1052
06037139704,2459,16,0,73,0,99
06037239202,48,542,9,4,0,4776
06037910601,637,522,26,23,0,5144
06037264000,2605,0,0,162,0,202
06037461700,723,71,0,196,0,264
06037533603,228,45,24,0,42,5915
06037540501,470,557,0,81,0,4305
06037575002,1867,580,6,509,0,1348
06037650801,562,63,0,2732,0,421
06037910809,1427,44,0,100,0,503
06037231902,38,224,0,0,0,2933
06037430723,884,50,147,2235,0,1465
06037463700,2081,126,0,553,0,532
06037480012,735,95,0,2728,42,926
06037601402,296,90,0,105,12,3922
06037602201,1047,292,0,929,0,1920
06037113212,1030,103,1,805,0,764
06037191810,638,411,8,118,14,1544
06037229410,21,286,0,0,0,3555
06037267202,2479,162,0,836,0,96
06037400207,2323,88,62,490,0,1428
06037482301,201,54,82,3539,128,824
06037131900,1423,19,0,485,0,1801
06037980010,12,0,0,73,1,53
06037211420,434,91,0,855,0,2034
06037980012,0,13,0,0,0,7
06037262604,4584,111,0,313,0,250
06037106604,216,118,0,181,0,3800
06037201120,458,99,23,268,0,2958
06037602602,143,1475,10,158,0,737
06037700101,3807,292,0,414,39,625
06037186403,367,79,0,363,0,1623
06037192420,488,92,79,1228,0,1366
06037402902,759,232,9,793,31,5033
06037103401,1699,4,15,439,0,308
06037555105,789,733,33,1696,11,2687
06037240200,40,1128,41,11,0,4499
06037113232,2499,234,0,803,0,915
06037460601,2778,13,0,1485,0,713
06037532102,225,6,18,652,1,2733
06037900805,2142,427,19,286,9,2887
06037407901,386,57,0,577,0,3163
06037128602,1611,136,1,145,0,590
06037190510,1254,246,0,609,0,1665
06037533105,16,0,0,0,0,2460
06037574902,1757,796,0,1222,27,1563
06037400404,2698,0,0,422,0,664
06037550201,252,58,0,299,0,2259
06037237720,0,471,11,1,0,2915
06037910714,214,376,0,88,0,3194
06037188201,1780,76,11,301,0,574
06037543603,618,962,0,921,0,945
06037575103,883,791,0,619,18,2614
06037403328,713,40,0,3249,10,1076
06037670500,957,101,0,261,0,108
06037700300,4085,201,0,235,0,669
06037910216,2258,558,0,178,0,2073
06037900611,145,980,0,380,0,2755
06037203710,62,12,15,14,0,3354
06037575801,144,457,7,47,41,1478
06037104822,33,0,0,101,0,2034
06037293301,678,119,19,1149,0,457
06037297300,1081,78,0,74,12,673
06037402102,407,600,0,421,0,3557
06037481404,104,4,0,3045,0,711
06037550202,437,39,0,493,0,4083
06037570204,591,511,0,554,0,2879
06037102107,2552,20,30,266,0,606
06037132501,1383,141,0,325,0,2635
06037234001,228,1700,0,39,0,412
06037552900,1302,200,0,992,0,3955
06037574000,3017,223,0,643,0,970
06037651302,3502,0,0,1351,0,646
06037911001,2098,28,0,0,0,1357
06037603902,417,0,0,320,0,2614
06037115403,717,167,0,338,0,1869
06037430005,503,295,0,1078,0,1760
06037189703,1009,392,0,315,0,129
06037271803,1206,323,0,424,0,922
06037530302,176,14,0,120,0,5875
06037535604,29,0,6,11,0,4196
06037920115,1973,408,39,612,0,757
06037980028,0,0,0,0,0,0
06037190102,1138,38,0,295,0,606
06037241400,59,855,1,66,0,2804
06037601001,122,951,0,69,0,959
06037542502,47,1040,0,0,0,3452
06037910505,354,209,0,91,0,2429
06037222600,581,615,0,1178,0,2691
06037431003,876,523,0,592,0,2587
06037534201,92,19,0,15,0,3971
06037115104,1376,551,143,936,0,1244
06037261102,3318,135,0,211,0,188
06037189905,1437,206,0,89,0,577
06037224420,138,98,11,119,0,1772
06037301701,1617,28,0,412,0,497
06037482101,163,0,0,3171,0,1183
06037570002,863,314,29,257,0,995
06037575402,210,495,0,162,0,2864
06037294810,57,93,0,11,10,3607
06037406602,463,50,12,897,0,3168
06037231602,89,400,0,19,0,1213
06037276601,2643,126,42,380,0,672
06037460101,3515,381,0,527,0,626
06037222200,312,591,0,38,0,2454
06037273600,1612,0,0,142,0,342
06037401303,809,90,0,627,0,596
06037702803,962,364,0,264,0,1008
06037107010,166,8,29,68,0,2726
06037296402,1257,31,0,395,24,1314
06037310900,3109,3,0,1377,0,2041
06037430801,668,195,0,4295,17,1733
06037540400,32,132,0,0,0,1742
06037540901,161,1263,0,34,0,3675
06037535804,32,12,10,0,0,5975
06037123410,1368,32,0,228,0,1747
06037990200,0,0,0,0,0,0
06037480901,215,186,32,2245,0,975
06037122200,475,9,0,72,0,2920
06037400402,1949,113,0,715,0,1248
06037481712,77,0,0,4357,0,644
06037574202,921,139,5,265,0,785
06037186202,416,52,15,528,0,668
06037199700,315,155,0,577,10,1732
06037480703,1585,34,0,1629,0,730
06037703200,754,4207,67,276,0,167
06037137402,3390,785,0,268,0,970
06037265522,927,1,0,917,0,447
06037531800,34,0,0,0,0,4356
06037603706,122,225,0,159,0,3030
06037800101,4520,85,0,533,0,352
06037113211,1937,508,5,738,0,659
06037297502,1253,22,0,197,0,859
06037550801,1018,18,0,85,0,3582
06037603702,1797,25,58,1112,0,1486
06037120010,163,36,0,225,0,2202
06037269800,1309,152,0,717,0,835
06037275101,523,118,0,113,0,148
06037237402,125,1174,0,3,0,2290
06037405800,677,219,0,854,0,3637
06037503702,1455,92,14,458,0,2880
06037242201,0,167,0,191,0,3577
06037205120,15,8,13,70,0,3303
06037402304,132,0,0,218,3,3550
06037104105,220,298,11,90,0,4686
06037206301,582,831,21,37,0,402
06037240302,9,518,0,0,0,2451
06037302201,2603,31,20,415,0,463
06037573601,3813,84,0,640,0,1504
06037277400,0,0,0,0,0,0
06037401311,3147,272,0,453,0,2897
06037403404,277,103,0,1400,0,374
06037930400,541,113,0,54,0,559
06037532700,2,38,0,12,0,3076
06037124201,725,129,0,199,0,2221
06037143102,1370,40,0,103,0,428
06037482404,288,15,0,2831,0,227
06037534502,178,0,1,0,0,2980
06037541700,116,744,0,15,0,4696
06037574201,1482,465,0,355,0,547
06037407702,191,4,118,1215,0,4866
06037901210,1218,44,0,52,25,243
06037115203,667,80,24,412,0,746
06037138000,3830,99,0,107,35,315
06037576901,584,360,8,719,0,3272
06037920040,1245,277,0,206,0,1425
06037121801,562,6,7,179,0,3442
06037211803,183,164,0,2193,0,1044
06037404501,132,49,0,145,14,2366
06037531504,0,0,0,0,0,3978
06037550502,837,7,0,619,0,2662
06037551101,451,143,0,299,0,2924
06037920329,4087,151,37,242,0,1412
06037216700,1285,1038,0,258,0,596
06037407001,200,0,0,643,0,5030
06037572600,125,297,0,1912,123,2392
06037603302,170,231,0,1981,0,1777
06037553902,219,199,0,141,96,5064
06037601202,200,45,0,221,0,3307
06037650606,1096,388,0,1786,6,769
06037187200,754,24,0,381,0,1614
06037265524,1767,8,0,524,0,251
06037406101,610,36,0,402,0,2077
06037532607,83,2,9,77,0,4967
06037575300,217,305,16,698,0,2761
06037123902,1347,161,0,282,0,928
06037402904,126,345,0,103,0,2976
06037240800,3,1140,0,112,0,3412
06037650903,1193,173,0,650,0,2458
06037575102,288,205,0,505,0,3225
06037533601,70,24,0,144,0,3989
06037121020,1100,46,0,179,0,2006
06037204120,33,24,0,3,0,2403
06037109500,269,58,0,139,0,3441
06037269601,411,1014,0,100,0,1862
06037462002,374,457,18,179,0,2509
06037533702,5,0,0,5,0,3662
06037901209,416,30,8,64,0,377
06037141700,2631,0,0,82,0,277
06037199201,122,41,0,1162,0,2251
06037408629,383,5,0,1475,0,1020
06037543606,642,483,0,1592,0,1302
06037106603,1688,262,0,632,0,985
06037536201,221,56,19,40,0,3223
06037577605,3341,88,30,325,0,780
06037600302,44,1570,0,0,49,984
06037650003,955,226,0,884,17,736
06037650605,668,117,0,1448,0,372
06037402705,371,153,0,196,0,2770
06037541801,59,768,0,0,0,4539
06037552301,193,416,0,744,64,3067
06037533204,14,0,0,15,39,4030
06037554201,458,210,18,347,0,2297
06037143101,1535,83,0,206,0,190
06037503701,1673,190,0,575,0,2348
06037190901,641,156,0,154,0,2409
06037204820,44,0,0,39,0,1983
06037275603,1132,63,0,648,0,773
06037194401,1555,155,0,274,0,446
06037267504,1467,53,0,855,0,803
06037297110,978,208,0,103,19,3021
06037297602,1467,109,0,192,0,1641
06037500403,116,518,0,244,0,2918
06037236400,364,3101,0,94,0,623
06037482503,38,0,9,2991,0,793
06037262301,2036,72,4,427,0,224
06037433302,12,0,26,693,0,1106
06037504101,571,123,20,692,0,3536
06037570402,143,1396,0,114,116,1529
06037599100,334,30,0,53,0,238
06037127805,783,178,0,83,0,2322
06037181600,1291,174,8,931,6,1385
06037501504,577,44,0,204,0,2353
06037550301,313,230,0,440,0,2836
06037570304,463,739,7,314,0,3235
06037600802,97,1867,0,2,0,398
06037226702,18,135,8,0,0,3832
06037111205,1319,85,0,1075,0,1029
06037267300,1517,638,0,764,0,899
06037403500,318,21,0,540,0,509
06037535702,77,17,0,48,0,5614
06037125502,2137,208,0,280,0,851
06037408004,174,434,0,707,0,1000
06037408141,79,27,0,640,0,3314
06037980005,0,0,0,0,0,0
06037133102,1810,33,38,700,0,1243
06037237900,236,2363,0,46,0,1113
06037463602,2227,466,0,1831,0,915
06037600911,282,781,6,30,0,2232
06037700802,2775,76,0,655,0,257
06037201402,307,0,0,592,0,3138
06037408302,257,129,0,260,0,2661
06037535503,50,23,0,42,0,2376
06037551204,461,156,0,64,7,2709
06037800338,4767,10,0,402,0,644
06037920313,2137,48,0,540,30,1951
06037543903,235,65,0,1428,43,2112
06037189400,2205,292,0,62,0,325
06037190802,1013,385,4,182,0,898
06037216800,1790,161,9,189,0,831
06037408139,7,1,0,621,0,3843
06037481711,117,6,9,3837,0,411
06037500402,91,0,0,506,0,4046
06037462201,1208,233,0,556,0,1529
06037219300,397,590,0,139,0,2558
06037482001,203,4,0,1720,17,429
06037900806,895,1432,0,252,12,1395
06037501301,674,18,0,109,0,2102
06037603200,324,264,0,1315,0,1067
06037134801,767,58,0,583,0,1365
06037463200,1104,85,0,923,5,1030
06037407102,71,5,43,793,0,4500
06037503402,1137,10,0,264,0,2267
06037533805,28,54,0,45,0,3756
06037571600,81,1317,0,40,0,642
06037294610,90,0,0,194,5,4044
06037460700,2752,93,0,1115,11,580
06037204420,62,83,0,10,4,2916
06037262706,2916,0,0,220,0,110
06037190303,1539,98,59,237,0,336
06037431100,1183,839,76,892,0,3791
06037461100,2020,709,0,224,0,2018
06037408136,235,329,0,1358,0,1740
06037190201,971,233,0,346,0,1901
06037401304,1486,188,0,1403,0,1752
06037650102,672,46,0,621,0,628
06037208302,433,516,0,558,0,3127
06037311000,1743,56,0,557,0,1267
06037132900,2135,38,2,330,0,1094
06037551900,1072,113,0,728,0,3376
06037203200,156,33,0,68,0,4722
06037203900,127,0,0,72,0,2640
06037535101,58,600,0,0,0,7257
06037125402,1933,384,0,280,61,952
06037143301,2096,121,0,149,0,807
06037183401,476,17,0,510,0,1485
06037265420,1169,18,0,207,0,71
06037462600,1328,54,0,243,0,543
06037701902,3848,290,0,384,0,422
06037134710,757,287,0,605,0,3506
06037402803,57,162,0,60,0,3189
06037104201,22,456,27,160,0,3660
06037296901,747,188,0,142,0,3072
06037240402,110,1228,0,99,0,2381
06037650607,498,306,0,1372,0,186
06037104322,81,2,2,29,6,1685
06037195100,3012,133,13,684,0,806
06037400603,1310,195,5,864,0,2447
06037555202,1833,44,0,551,0,980
06037109200,1052,87,0,1014,0,665
06037404100,537,0,0,493,0,5102
06037106643,2221,318,0,743,0,468
06037191720,321,285,0,341,0,2403
06037207305,483,85,0,173,0,158
06037231601,59,577,3,0,0,1476
06037600303,4,895,151,30,0,2846
06037122120,627,255,6,132,0,3321
06037571300,1711,474,0,510,0,1716
06037270102,759,58,0,743,0,482
06037408003,186,176,0,1237,0,2970
06037461200,2513,410,0,217,0,877
06037554002,433,731,0,514,0,4018
06037209401,185,530,0,714,1,2165
06037291130,126,471,0,541,0,1971
06037531902,27,0,0,55,0,3932
06037224310,247,48,0,247,0,1211
06037269903,1156,413,0,695,0,1015
06037534405,95,3,0,14,0,3813
06037701501,3068,404,0,524,0,203
06037236205,65,1404,18,0,0,1583
06037311802,1594,329,9,432,0,1622
06037403318,1107,633,30,2286,35,1628
06037408137,190,225,0,1673,172,1754
06037430301,2493,40,0,744,0,1102
06037432801,8,0,0,838,6,1455
06037500300,594,117,0,286,0,1488
06037920338,2583,330,0,1425,0,1072
06037199802,88,0,47,1066,0,763
06037267503,1272,18,0,465,0,411
06037543306,667,1034,0,2134,375,2060
06037701201,2729,0,0,396,0,165
06037403403,332,87,0,3783,56,701
06037310300,2059,0,0,444,0,291
06037123203,555,69,0,193,0,2063
06037272301,1838,108,0,473,0,521
06037269905,1132,175,0,540,0,346
06037275400,2773,99,0,608,0,600
06037103201,2269,122,0,322,6,1673
06037134901,1423,36,0,140,0,767
06037670413,2084,32,0,1987,0,354
06037910214,1223,743,0,482,0,2831
06037104310,57,50,0,4,0,4251
06037480702,1126,75,0,2013,0,1092
06037701000,3673,208,0,493,0,237
06037218400,583,570,0,199,0,2462
06037270300,642,677,0,146,0,925
06037405302,630,184,0,1035,0,3811
06037431900,542,0,0,2518,57,524
06037575001,1079,522,0,918,0,1466
06037650603,1667,158,0,1457,0,274
06037132001,1040,94,0,369,0,1044
06037531604,0,0,0,0,0,3050
06037576502,1207,1024,12,138,0,2345
06037190701,648,110,0,282,11,454
06037901216,1550,71,0,43,23,854
06037197300,1757,81,0,285,30,1195
06037620703,2321,24,23,458,0,443
06037128601,1515,330,0,109,0,2630
06037216201,1087,277,0,760,0,279
06037542104,11,189,0,18,113,3711
06037271300,2342,154,6,1214,0,860
06037408212,223,37,25,2612,0,1788
06037433307,24,0,50,1035,0,1629
06037701802,2104,705,9,411,0,1325
06037901214,2547,383,0,155,0,1514
06037503000,119,245,107,423,0,4700
06037578000,400,577,13,832,12,3408
06037920330,2517,31,0,395,0,410
06037542105,0,454,0,20,0,4573
06037620101,2824,125,0,636,0,1227
06037980016,21,0,0,11,2,335
06037980026,0,6,0,0,0,9
06037551700,432,136,0,290,29,5238
06037209520,76,151,50,159,0,1937
06037551201,537,454,0,89,0,2461
06037551401,270,138,0,222,0,3381
06037600501,68,1867,0,25,0,419
06037404301,339,133,121,134,0,5474
06037128802,2115,465,0,737,0,896
06037482701,190,30,18,1388,0,2165
06037531901,80,0,0,11,0,6573
06037533803,781,19,0,78,15,4830
06037543304,151,5263,0,182,0,877
06037603005,221,1149,0,983,0,3368
06037620602,3472,0,35,911,50,496
06037242700,89,959,0,9,0,3666
06037274202,2477,116,0,229,0,574
06037554518,478,214,0,3560,0,541
06037134302,1572,94,9,943,0,1518
06037185320,266,8,0,128,0,2447
06037218702,248,582,0,129,0,1554
06037400501,1297,0,0,149,81,319
06037407802,130,44,0,551,0,2359
06037212303,262,199,21,895,9,2328
06037900609,582,1486,0,366,0,2597
06037901300,542,31,70,0,0,1181
06037402602,1049,35,30,505,0,3015
06037108101,1119,22,0,506,0,407
06037208501,262,52,0,1010,0,1085
06037480302,547,0,46,1708,0,1541
06037602505,201,1100,0,157,26,2962
06037700700,2843,1,0,7,0,58
06037920028,2623,312,0,2009,0,3289
06037407501,121,25,0,1040,0,2938
06037980001,0,0,0,0,0,0
06037117302,1873,284,0,1113,0,1508
06037221302,210,361,24,467,0,2189
06037131300,664,121,1,697,0,2763
06037531301,95,34,0,21,0,5300
06037901011,1637,871,0,373,0,1563
06037402303,301,79,31,252,0,3032
06037123700,2064,564,0,169,0,797
06037192520,430,333,0,887,45,3177
06037206052,841,191,0,1531,0,347
06037239501,41,922,0,56,0,2460
06037240902,12,535,0,0,0,3067
06037120400,1498,243,0,861,0,3218
06037604101,391,32,84,170,0,3079
06037670406,574,150,5,778,0,50
06037275102,719,128,0,329,0,2671
06037231720,111,344,0,117,0,4564
06037408006,266,10,0,2085,8,1459
06037104203,37,196,0,68,0,4625
06037540600,18,953,0,170,0,3227
06037543203,20,990,0,57,0,3014
06037552302,1248,234,0,678,38,1781
06037201602,217,5,21,286,0,2198
06037219901,471,706,0,88,0,3852
06037101300,3030,69,0,219,0,657
06037240600,6,1098,0,3,0,3241
06037297001,934,0,0,85,23,410
06037430502,3379,140,65,1252,0,1260
06037431701,1529,71,30,4050,0,180
06037143401,3383,352,0,401,0,653
06037212502,537,228,0,1349,0,1036
06037650401,1730,88,0,1481,0,814
06037143602,3587,107,61,467,0,431
06037502602,223,208,0,100,0,3601
06037222100,327,571,0,267,0,2562
06037502200,690,10,51,161,0,6141
06037117202,721,150,7,747,0,1115
06037127103,752,326,0,373,0,1798
06037117520,274,73,0,216,0,3707
06037243001,1,316,0,0,0,2843
06037533806,322,0,10,0,0,2975
06037980022,0,0,0,0,0,0
06037543705,121,88,0,950,0,1774
06037203300,255,119,0,315,0,1376
06037239802,97,719,0,63,0,4406
06037402403,801,178,12,419,0,3729
06037141303,1871,65,0,258,13,358
06037272201,1213,66,0,160,0,491
06037301902,2557,20,0,323,0,238
06037800506,2300,23,0,160,0,240
06037900901,1067,515,0,137,0,1378
06037403325,705,102,0,3259,0,728
06037214503,1645,125,0,1077,0,418
06037431002,1243,110,0,446,0,1189
06037650001,1293,144,0,2815,0,1352
06037910717,223,220,0,0,0,1810
06037183300,626,9,0,425,0,1903
06037408135,377,142,27,2419,0,1284
06037910218,1870,516,0,141,0,1697
06037620801,2482,25,0,1010,0,205
06037700501,3294,145,15,180,0,297
06037124400,2677,15,0,94,0,1536
06037577606,2279,109,0,190,19,1077
06037269907,1011,366,0,669,27,227
06037534900,10,0,0,17,0,6106
06037199400,292,199,0,1213,0,2662
06037543605,786,219,0,1590,8,1310
06037576402,276,394,0,448,15,2960
06037600704,326,2118,25,84,0,323
06037123206,224,28,0,19,0,2082
06037127210,1052,303,0,698,0,3100
06037232701,13,350,0,11,0,1908
06037401203,1591,138,14,509,0,2189
06037541300,26,1265,0,129,0,4024
06037900608,398,727,0,80,13,2568
06037227010,66,245,0,0,0,3968
06037503901,606,7,10,717,0,866
06037573202,382,889,36,1696,0,3502
06037535001,39,134,17,0,15,3946
06037197600,737,14,0,183,0,1135
06037215102,1730,611,0,235,0,478
06037241300,47,878,0,1,0,1405
06037134802,957,234,0,613,0,1063
06037463400,2007,353,0,1576,21,1539
06037701202,2703,0,0,224,6,174
06037575803,886,218,0,320,0,1061
06037910404,695,697,195,230,0,2419
06037311300,2032,82,82,327,0,1105
06037554203,384,451,0,457,0,2314
06037620501,2602,357,0,1164,0,961
06037119003,137,7,0,283,0,2905
06037302202,3108,136,18,447,44,1095
06037576302,590,348,0,252,0,1767
06037123602,1670,100,0,120,0,1006
06037543322,326,4858,0,212,220,891
06037603006,82,108,17,963,0,696
06037432102,663,22,0,4034,0,679
06037534101,66,0,0,0,24,1808
06037185204,702,92,0,465,0,580
06037265701,1159,59,0,265,0,292
06037542000,21,1366,0,118,0,3736
06037573003,312,243,0,303,0,655
06037143500,4021,171,25,140,0,499
06037554516,612,34,0,2709,0,240
06037214504,1105,326,15,1460,0,533
06037292002,448,35,0,357,0,1100
06037106010,746,28,0,52,15,3042
06037482002,745,1,0,3818,0,2072
06037621104,4456,46,0,519,0,825
06037500203,1727,26,0,135,0,2068
06037408623,400,167,23,2041,8,445
06037209201,614,800,0,1185,0,574
06037601100,181,2851,0,470,124,3450
06037211123,261,40,15,1285,0,174
06037502003,217,27,0,10,0,2324
06037553502,449,340,0,224,0,2483
06037239320,0,207,0,0,0,2737
06037503705,830,294,0,1036,0,464
06037531101,23,0,0,0,0,4501
06037910707,741,717,135,82,0,3415
06037462900,1163,219,20,783,0,1232
06037571000,2885,67,0,566,24,1500
06037229420,11,319,0,9,0,4263
06037239201,24,438,0,22,0,2876
06037480803,489,0,0,895,0,1378
06037533403,36,49,0,22,0,2214
06037535603,7,178,0,47,40,3466
06037540902,43,2164,0,0,3,1998
06037702700,1790,192,15,470,69,570
06037910712,438,340,0,126,0,2309
06037120104,270,195,58,429,0,1558
06037482303,88,0,0,3229,0,1449
06037482502,123,49,0,2449,0,892
06037572202,709,313,0,728,0,1496
06037139303,2464,362,0,474,6,1234
06037208801,421,573,0,663,0,1584
06037236102,153,2543,0,112,0,677
06037603705,168,1357,0,26,0,1077
06037111402,2685,18,0,920,0,2322
06037242000,64,832,0,129,0,2986
06037269000,2918,335,0,789,0,521
06037293205,221,241,0,558,0,2196
06037576301,700,1128,17,258,44,2441
06037203100,67,77,7,93,0,3975
06037213401,71,84,0,937,0,3481
06037407801,659,208,0,1046,0,3235
06037534202,126,59,0,27,0,4631
06037119400,383,65,0,408,0,3717
06037122000,2329,10,0,689,0,2262
06037554101,249,189,0,511,0,2591
06037530005,286,7,0,1938,0,1138
06037571101,2473,146,0,314,48,1713
06037620002,1913,152,0,510,0,562
06037621400,2752,51,18,743,0,645
06037195710,972,327,5,574,26,2237
06037224702,1009,65,0,878,0,415
06037275313,1976,19,0,378,0,890
06037431300,758,132,4,660,0,951
06037201200,259,0,0,205,0,2143
06037531602,34,6,0,0,0,3707
06037577100,4218,376,0,297,0,2095
06037980037,0,0,0,0,0,0
06037221500,468,412,9,194,63,2339
06037620301,3084,34,0,385,0,486
06037535803,29,0,0,7,17,3496
06037554001,1036,200,0,499,33,2399
06037570502,344,1206,0,1127,225,3035
06037195400,2775,179,0,365,92,676
06037242100,0,406,0,54,0,1888
06037294302,168,234,0,179,0,3833
06037264306,1239,0,0,243,0,152
06037404201,320,24,1,373,0,2803
06037573300,111,544,0,924,0,2120
06037408725,459,164,26,3271,55,1840
06037920342,71,0,0,166,0,2850
06037124104,674,139,0,29,0,1821
06037503302,1224,33,0,383,0,4404
06037900104,1270,435,0,170,0,4772
06037408724,73,0,0,1521,37,3766
06037269700,2072,123,8,283,12,920
06037530007,605,0,0,1257,0,4492
06037577501,2506,41,7,204,0,471
06037141202,2237,53,24,271,24,321
06037264304,1656,144,0,268,0,160
06037407302,94,4,0,393,0,2908
06037543201,57,892,0,27,0,2541
06037604002,846,240,5,403,21,2057
06037237201,81,616,0,0,0,3006
06037238310,62,875,0,86,0,4079
06037570601,580,544,0,662,0,4027
06037604001,731,147,0,156,10,3438
06037800406,1464,31,28,104,0,207
06037128500,2569,137,14,299,0,970
06037139200,4045,169,0,356,0,874
06037405102,71,146,0,1279,0,3354
06037462500,2544,263,0,1748,0,1453
06037702400,2402,61,0,591,0,1473
06037901010,1979,674,19,125,0,2474
06037113101,2174,120,0,531,0,553
06037206202,207,130,15,1059,0,275
06037127920,2218,55,0,176,0,1885
06037185310,257,47,0,212,0,2350
06037228710,44,257,0,8,0,3749
06037503301,680,19,107,187,0,2378
06037530500,211,10,0,141,0,3639
06037910814,1933,3,0,111,0,896
06037231710,36,536,0,7,0,3402
06037294120,10,130,4,100,0,2374
06037104404,47,0,0,20,0,3307
06037408624,485,1,0,1757,0,753
06037554521,1279,573,0,2410,19,1359
06037234901,52,1785,0,86,43,933
06037432002,934,8,0,3239,0,1026
06037670603,709,8,0,873,0,205
06037910215,1209,1078,0,840,49,3508
06037910706,464,924,103,339,24,4940
06037115401,1802,427,0,1019,0,2316
06037222002,295,945,0,92,0,3317
06037232200,63,861,0,36,0,2634
06037406702,1274,113,4,1863,0,3706
06037433306,116,70,78,969,0,1623
06037433403,89,0,0,1119,0,3652
06037139703,2093,35,0,158,0,53
06037573004,415,945,32,260,0,3122
06037137202,1788,283,21,638,0,505
06037189102,2628,66,10,585,23,322
06037192620,241,169,0,755,0,2176
06037302401,3068,57,22,1203,0,3278
06037501001,154,0,16,13,0,2832
06037104823,46,143,0,354,0,2639
06037143605,1016,223,0,257,0,236
06037207103,233,37,0,1534,0,295
06037620901,1734,13,0,311,0,394
06037212610,464,155,0,1761,0,1685
06037301204,3177,172,0,614,0,686
06037106510,725,113,0,1188,0,3249
06037530902,68,0,0,100,0,3577
06037570202,259,1400,3,604,58,4331
06037190520,1245,259,0,579,0,1269
06037275500,890,76,0,445,0,3323
06037302102,3412,153,0,661,0,1536
06037554406,1223,1006,8,762,0,1637
06037554900,1084,608,0,2808,296,2309
06037238200,147,5098,0,1,15,1499
06037401601,2762,73,13,248,0,1757
06037128101,1162,297,8,139,0,1179
06037602202,391,291,0,319,0,1689
06037910719,225,1349,0,3,0,2969
06037189501,1691,197,0,79,0,185
06037407701,59,159,24,762,0,3404
06037403317,928,357,0,1816,35,1858
06037533201,3,0,0,0,0,2154
06037132101,1447,82,0,166,0,2191
06037265702,2662,28,0,88,0,195
06037501700,1158,23,0,135,0,2385
06037189907,1389,246,0,285,0,521
06037190101,782,251,30,111,0,207
06037402601,538,15,0,129,12,2131
06037501002,439,0,0,457,0,3682
06037577504,1061,33,0,87,0,117
06037199120,306,121,0,1051,0,2215
06037234700,123,1985,0,48,0,1227
06037531302,60,0,13,80,0,5475
06037188202,1538,400,0,587,0,350
06037405701,438,163,0,807,0,2179
06037464101,524,0,0,1546,0,40
06037700102,2994,410,19,175,0,594
06037980031,407,137,16,49,10,341
06037278001,988,148,0,377,0,710
06037403305,91,0,7,1959,47,173
06037554404,303,633,7,626,90,2641
06037980007,0,0,0,0,0,0
06037214800,1925,192,0,171,0,119
06037481902,265,178,11,1296,0,1490
06037432300,254,0,0,1736,10,1960
06037621201,4233,287,0,758,29,1161
06037109603,402,74,0,567,1,2957
06037300400,2401,26,0,1634,0,944
06037300702,4340,0,0,536,0,419
06037500204,1541,40,93,331,0,290
06037221120,18,29,0,171,0,2722
06037503801,940,66,23,562,80,1792
06037910502,213,516,0,75,0,3480
06037218900,398,1878,0,295,0,2661
06037277200,453,303,23,289,0,505
06037408133,229,688,11,1597,0,3278
06037430600,1359,0,29,2021,0,405
06037670003,3359,3,0,821,91,1220
06037207501,503,150,0,858,0,551
06037234902,274,2098,14,43,0,1915
06037405702,689,127,0,1001,0,3184
06037553504,367,380,0,17,0,3815
06037134303,2537,18,0,1067,0,1682
06037570306,222,330,0,592,0,1682
06037920045,2705,27,0,338,0,1246
06037123020,447,44,0,145,0,2096
06037141306,2201,63,0,223,0,588
06037533401,23,0,0,0,0,4495
06037542402,13,1079,0,9,0,2821
06037651222,2187,279,0,2391,0,1088
06037570703,661,328,0,688,0,1123
06037600601,36,2229,6,7,0,242
06037128303,361,176,0,55,0,2784
06037206020,1379,2633,4,238,27,3541
06037262704,2713,15,0,227,0,221
06037602106,537,1014,0,667,0,3684
06037650904,509,136,19,1315,8,212
06037137401,3147,395,0,233,0,661
06037401201,1299,29,0,363,0,1630
06037432502,203,0,0,1140,0,2796
06037434100,191,44,8,1276,0,4336
06037534403,113,0,0,0,0,3198
06037300503,2108,1,224,1051,47,894
06037503106,663,0,0,232,0,2948
06037554801,371,65,0,377,0,2033
06037601302,839,2818,0,175,0,2223
06037101221,1725,150,0,390,0,1428
06037124203,547,69,0,163,0,1168
06037133101,992,34,0,63,0,557
06037124300,1071,83,0,224,0,1634
06037402002,1792,272,0,359,0,1405
06037408134,276,24,0,1427,0,870
06037433505,24,36,0,1259,156,2486
06037265303,1318,232,0,1622,120,771
06037403721,1101,543,5,575,0,3184
06037104108,60,393,0,240,0,4124
06037122121,316,81,0,205,0,2108
06037264305,3153,9,0,227,0,852
06037113234,1090,353,0,781,0,3416
06037127711,913,160,0,275,0,1714
06037194402,2299,95,0,389,0,207
06037620303,3432,11,0,682,0,299
06037430902,1073,312,6,1281,0,2199
06037234301,102,1526,16,25,26,70
06037480101,445,3,0,2682,0,918
06037552602,253,127,13,1069,21,1922
06037123301,1327,221,0,867,0,1380
06037404806,214,79,0,1122,0,4409
06037532500,71,238,0,62,0,3323
06037571504,1734,638,0,904,0,1508
06037900602,1006,853,0,40,142,3188
06037111303,2306,93,0,665,0,1343
06037103102,2910,13,0,349,0,1039
06037121010,1540,1,0,243,0,3334
06037550901,572,260,0,566,0,3220
06037554600,545,307,0,1267,7,1722
06037207101,642,458,53,1652,0,465
06037402804,86,162,9,213,0,3575
06037530802,148,0,0,199,0,2853
06037551203,333,34,0,444,0,3266
06037920029,1720,72,12,161,0,1688
06037102103,1625,51,0,241,0,102
06037134201,896,87,0,1441,12,1483
06037262303,2519,30,0,57,0,100
06037291110,35,1886,23,6,0,2164
06037501200,677,0,19,202,0,3686
06037573002,163,486,0,266,0,2271
06037188300,1304,10,0,1038,0,644
06037650004,606,360,0,1824,0,1413
06037900509,1082,906,0,126,0,1881
06037106020,380,220,0,423,0,3664
06037302004,2637,47,0,486,0,971
06037403702,1506,127,0,726,0,1737
06037504002,1799,47,11,534,0,2825
06037128302,716,297,0,405,0,3106
06037190402,1302,139,0,371,0,473
06037220100,164,1305,0,112,0,728
06037404302,348,131,0,70,0,1826
06037102105,300,22,17,161,0,1096
06037265201,1653,85,0,418,0,224
06037276605,1879,146,0,97,10,322
06037404903,64,37,0,796,0,1772
06037554512,703,158,12,4024,0,1223
06037534700,44,0,18,25,0,4078
06037910607,700,348,0,92,0,3085
06037213320,180,155,16,749,0,1371
06037234502,106,1511,0,73,0,891
06037604102,315,77,0,220,0,2039
06037228320,16,101,0,0,0,3303
06037125404,1057,895,0,247,0,582
06037143901,3147,32,0,252,0,345
06037211124,249,57,0,2455,0,1463
06037920015,4006,197,0,388,17,1343
06037127104,1324,107,0,257,0,2565
06037127400,854,124,12,221,0,4213
06037224410,673,202,0,352,0,1468
06037231603,17,517,0,15,0,2278
06037271801,1164,109,0,479,19,1421
06037272100,2604,88,6,331,15,1070
06037189202,2235,58,0,253,0,390
06037209820,132,41,0,57,0,2244
06037111100,851,30,4,581,0,1429
06037320300,194,110,40,173,0,6058
06037402405,57,220,0,68,0,2042
06037407902,92,34,0,718,18,733
06037482702,96,0,5,1474,0,786
06037574400,3581,104,0,492,74,1010
06037108103,1735,115,0,802,0,257
06037310602,1935,51,0,199,0,394
06037541500,52,802,0,0,0,4251
06037533804,68,0,0,30,0,3568
06037201302,811,371,0,1839,0,774
06037221220,115,44,0,153,17,2390
06037404805,99,0,0,769,0,2052
06037670326,1868,0,0,981,0,220
06037910210,2873,492,0,1040,0,2568
06037920339,3010,663,0,1989,0,2000
06037131702,910,178,0,399,0,2116
06037296220,489,610,0,390,20,2528
06037800325,3110,6,0,183,0,260
06037201301,423,180,3,692,0,2047
06037302302,1884,114,0,786,0,2461
06037901101,2588,811,0,34,11,2109
06037602003,71,416,0,49,0,3684
06037670002,1110,116,15,488,18,1351
06037408900,2274,150,13,703,0,1951
06037602801,77,1544,66,2,12,2489
06037137203,1169,2,0,336,0,767
06037480011,741,148,0,2359,0,1803
06037920041,831,472,0,325,0,1225
06037311500,2616,322,64,695,17,1314
06037191302,608,141,0,460,0,573
06037203720,65,0,32,42,0,3378
06037236101,71,1420,0,519,0,435
06037552601,259,189,0,68,0,4576
06037600602,6,430,0,27,0,2146
06037214501,1139,264,0,1502,0,409
06037234600,142,2610,0,79,0,1455
06037221110,146,50,0,369,22,2450
06037109800,1639,63,273,318,0,2227
06037320102,110,4,0,45,0,3515
06037431004,985,51,0,590,0,1668
06037920049,3520,215,0,581,63,1438
06037980039,0,0,0,0,0,0
06037135102,2030,315,0,454,12,691
06037181500,1212,45,0,784,0,1478
06037462400,1596,143,20,468,0,1375
06037703003,2080,1301,0,1461,0,620
06037402501,86,251,0,157,0,4340
06037553802,531,543,9,438,0,5104
06037302002,2330,46,0,644,18,923
06037102104,2822,59,9,472,0,532
06037117405,168,29,0,32,0,2787
06037122122,189,132,0,34,0,2193
06037228500,30,1071,8,0,0,3727
06037570403,112,297,88,184,0,3184
06037571102,1398,295,9,515,0,1320
06037532303,48,82,0,127,0,3833
06037620305,4973,0,9,472,15,294
06037553901,240,556,0,178,6,5379
06037267201,1577,15,0,642,0,297
06037401707,1442,470,11,1320,0,4969
06037430721,859,49,0,1782,0,544
06037400403,1626,197,0,318,0,1831
06037191204,381,159,0,264,0,699
06037300901,3725,202,0,813,28,389
06037604200,462,1074,0,46,11,3956
06037621102,2275,41,0,362,8,352
06037265100,1864,151,0,30,0,76
06037553400,223,196,0,124,98,2787
06037980008,0,9,0,0,0,64
06037101222,1182,14,0,38,25,1274
06037120106,107,22,0,510,34,3567
06037207400,559,356,13,567,0,719
06037264102,2001,0,0,478,55,255
06037294421,246,270,0,331,0,1738
06037901012,1635,542,0,779,0,2838
06037217102,937,704,0,243,0,672
06037219010,383,785,5,26,0,1764
06037603102,293,341,14,1223,0,1473
06037271702,1368,265,15,1358,0,949
06037702900,5658,397,0,868,62,899
06037980013,0,0,0,0,0,0
06037132301,534,460,0,576,0,1955
06037208710,302,327,95,2445,0,1581
06037212204,177,192,0,748,0,2527
06037480102,779,15,0,2245,0,806
06037124902,1421,338,0,485,0,638
06037276606,1654,110,0,415,0,1115
06037502801,868,22,0,355,0,5090
06037210010,134,30,75,481,0,2463
06037700901,2765,43,0,760,0,236
06037702501,2995,2,0,818,0,496
06037702102,4019,78,0,382,0,479
06037113239,485,106,20,265,12,1224
06037500100,1367,203,0,667,0,949
06037920331,2345,105,55,263,4,650
06037106649,268,25,9,481,3,1860
06037920034,1446,490,0,408,104,1681
06037111304,351,360,0,563,0,1520
06037183104,546,24,0,328,0,909
06037228600,2,160,0,0,0,4455
06037531702,104,15,13,17,0,4683
06037900103,1889,500,9,50,0,3931
06037920104,1495,14,0,267,0,854
06037228720,14,599,0,0,6,4290
06037405301,457,2,0,727,0,1774
06037536000,32,30,34,8,0,3078
06037191902,1903,46,2,357,0,298
06037190902,912,257,0,168,24,2540
06037211802,612,110,49,1738,0,1814
06037402101,129,584,0,461,0,3627
06037551002,907,0,0,199,0,3188
06037301000,3386,46,0,683,0,1044
06037431502,781,73,0,2161,0,1396
06037503201,558,0,0,331,0,2951
06037120108,471,67,0,695,0,3278
06037216100,1067,365,0,341,5,476
06037301206,3938,190,0,700,0,606
06037462202,1270,138,0,858,0,700
06037481713,149,15,0,2046,0,460
06037800412,2929,10,0,85,0,338
06037434004,253,42,0,441,0,2400
06037463500,2774,173,58,1307,0,1368
06037920047,996,304,0,246,0,5014
06037310601,2817,836,0,930,0,1747
06037232120,38,1026,0,9,0,3810
06037431800,1200,138,22,3127,0,647
06037570003,1654,200,0,434,0,1309
06037603801,572,536,10,735,0,2987
06037124500,1551,135,0,189,0,589
06037239702,53,1245,0,0,0,3389
06037430003,1749,126,0,994,0,1757
06037910501,481,2071,0,24,0,3084
06037920050,778,27,0,5,0,138
06037601600,41,63,0,99,221,3623
06037124700,3754,490,0,278,14,509
06037620522,2418,42,0,813,0,851
06037800333,1520,40,0,324,0,115
06037123104,1526,187,10,522,0,2240
06037212305,90,106,20,507,0,1943
06037702201,2620,162,0,318,0,730
06037186301,513,111,0,284,0,1658
06037621005,4030,19,0,158,0,281
06037920343,769,465,0,241,0,2524
06037541604,11,523,11,1,0,4611
06037602507,157,2330,1,228,6,1877
06037900701,758,1373,20,133,28,2463
06037543704,299,69,17,825,28,1619
06037235100,401,2675,0,233,0,475
06037543905,114,493,0,248,0,3409
06037551501,626,167,0,320,33,3525
06037570303,278,888,0,310,0,2468
06037570404,143,513,0,171,15,2802
06037117201,598,108,0,625,0,2441
06037573201,242,316,0,658,0,2620
06037293206,247,388,0,469,0,1511
06037113425,572,303,0,546,0,2654
06037273403,947,93,0,31,16,202
06037405202,84,36,11,958,0,3119
06037433103,163,18,0,2974,0,3533
06037216301,1085,12,0,91,0,128
06037910810,1702,141,53,252,0,598
06037239502,12,494,1,24,0,3133
06037401706,1190,135,0,683,25,2270
06037601401,729,1936,59,234,0,3100
06037125501,1735,368,14,136,0,552
06037541003,328,2436,0,170,0,1364
06037575201,187,269,0,1472,0,2160
06037542401,129,1468,0,0,64,2709
06037127806,595,180,0,334,0,2480
06037291120,32,504,0,93,0,1407
06037293204,340,159,0,774,0,2408
06037901218,926,230,0,563,0,564
06037403402,302,48,0,1973,91,749
06037900606,758,1595,0,0,0,2212
06037213201,137,57,81,1756,0,2020
06037301400,2946,0,0,181,0,557
06037432201,467,8,79,3433,0,575
06037208301,71,29,0,66,0,1511
06037601802,163,0,10,144,0,3104
06037221601,195,365,0,200,0,2444
06037463900,1828,59,21,567,0,442
06037481901,519,86,4,1973,0,2906
06037275200,1111,164,0,645,0,1674
06037532001,143,0,0,103,0,2837
06037554106,527,399,0,581,0,2219
06037113102,1316,58,0,541,0,646
06037124903,1976,570,12,233,35,861
06037621001,3257,0,0,367,0,440
06037620400,2968,56,0,1389,0,460
06037530101,517,51,29,398,0,4076
06037575902,1478,798,0,523,0,1625
06037131021,708,218,0,335,120,1810
06037600304,49,956,0,0,0,2883
06037910606,349,131,0,193,0,2513
06037108104,1012,58,0,396,0,121
06037300902,1394,11,0,404,0,202
06037320201,104,11,0,25,0,3857
06037106520,245,191,0,90,0,4779
06037191110,2126,84,0,380,0,1105
06037552400,188,23,3,173,0,1922
06037101122,3036,25,0,544,0,413
06037278102,2128,109,0,212,0,363
06037534804,25,0,0,5,0,4261
06037432901,79,28,0,2578,0,1560
06037104703,203,169,0,45,0,1874
06037408402,1463,39,0,1437,0,3314
06037431200,714,269,0,531,5,4806
06037920114,2585,186,0,1187,0,1087
06037124600,2087,22,0,141,0,416
06037602105,412,944,79,110,51,2245
06037900508,797,644,0,110,0,1894
06037980036,0,0,0,426,0,180
06037201504,163,0,0,344,0,1556
06037221820,899,123,21,737,0,657
06037534501,65,0,18,27,0,5314
06037212800,449,175,0,1292,0,1369
06037224010,344,623,0,422,0,1477
06037208502,214,96,0,296,0,3194
06037199801,40,18,0,1043,90,2651
06037185101,925,32,0,215,0,1224
06037602506,142,1504,0,85,0,1957
06037104821,150,0,0,48,0,3249
06037113427,441,185,0,371,0,1366
06037181300,1206,26,3,956,0,1424
06037463800,2028,125,0,632,0,768
06037407400,58,51,12,506,0,1184
06037920328,1330,81,0,249,5,262
06037108204,643,75,9,915,0,108
06037910401,1301,909,0,560,0,2863
06037800410,2183,194,5,679,0,451
06037401602,2371,339,0,307,0,2294
06037404203,714,151,0,501,0,2636
06037532002,87,0,16,179,0,3045
06037534301,42,90,0,0,0,3896
06037702202,2825,17,0,240,0,529
06037128704,1570,63,5,221,0,351
06037189801,1573,121,27,43,0,294
06037434001,60,2,0,971,22,3475
06037600703,52,1419,0,31,0,11
06037211121,289,98,0,827,0,1056
06037267404,1818,123,0,774,0,545
06037408707,867,60,0,4757,5,731
06037183520,463,19,0,112,0,2800
06037243100,101,1349,0,10,0,3582
06037800411,1914,40,0,25,0,317
06037108203,1199,352,0,1278,0,249
06037212101,432,177,0,1356,0,565
06037109604,379,67,0,211,1,1929
06037134002,684,194,0,326,0,2482
06037197700,1024,133,0,1868,0,1434
06037262100,2139,0,0,429,0,64
06037404701,161,2,0,1057,0,4429
06037125600,1657,247,0,265,0,632
06037201503,234,42,0,207,0,2622
06037207711,935,313,0,1067,0,237
06037550802,167,28,0,92,10,1620
06037651102,1601,309,0,1593,0,345
06037240500,47,1119,0,21,0,5121
06037404000,911,88,0,556,0,2763
06037535002,30,120,0,7,0,3508
06037551102,417,225,0,103,0,4559
06037199001,21,0,0,788,0,1466
06037553601,99,252,0,147,0,3982
06037183701,705,34,0,195,0,2445
06037403324,461,62,56,4649,0,618
06037430302,2616,85,0,635,99,1148
06037432501,249,13,0,1637,0,2274
06037460200,1904,1400,0,268,0,1627
06037555211,136,9,0,512,24,4799
06037104403,34,0,0,89,0,2169
06037231302,233,657,0,51,0,1922
06037402504,70,161,0,389,8,1667
06037201401,395,31,6,443,0,3205
06037403321,1032,93,0,2551,0,1403
06037121102,938,63,0,109,0,1024
06037291300,280,309,0,1393,0,863
06037920039,619,27,0,138,0,757
06037186100,1673,27,10,895,0,1714
06037218120,181,523,0,484,0,2383
06037481002,765,67,78,2352,0,2410
06037269100,3080,62,0,252,0,451
06037271200,860,258,0,382,40,795
06037502303,356,283,0,25,0,7533
06037502604,145,0,183,32,0,3301
06037109700,1443,33,0,738,65,1564
06037221304,127,701,0,587,0,2267
06037239701,9,668,0,85,0,3259
06037187102,749,93,0,1432,0,1958
06037262501,3344,11,0,183,0,58
06037111206,2129,218,28,818,0,929
06037228220,63,304,3,13,0,4043
06037575202,136,254,0,1039,0,2600
06037265203,1348,177,0,334,0,75
06037573902,1331,53,0,299,0,406
06037139504,2888,183,0,108,0,440
06037212701,290,227,10,1194,0,496
06037480202,611,0,0,1392,0,611
06037133000,1364,47,0,222,4,2371
06037135116,966,15,19,130,0,237
06037120020,303,105,13,841,28,2586
06037218800,226,649,0,372,0,1356
06037431400,660,26,190,1507,23,1334
06037191120,1058,231,13,330,0,1992
06037534302,36,37,0,11,0,3729
06037554802,800,139,0,3703,31,1172
06037195903,682,62,0,277,0,901
06037209510,128,121,0,758,0,1593
06037430400,1032,56,44,2288,0,775
06037900703,1226,2005,16,164,0,1587
06037104204,422,145,38,187,0,2932
06037111201,939,43,0,619,0,1644
06037123601,2697,159,0,187,0,2173
06037199900,48,0,0,457,0,1749
06037208402,282,55,0,373,17,1740
06037574100,2401,350,7,619,7,1246
06037207102,340,249,0,1782,0,798
06037302506,1942,31,0,325,0,968
06037320202,412,8,0,79,0,5445
06037541802,43,849,0,0,0,4195
06037554301,451,232,0,181,0,2554
06037235201,109,1390,0,3,0,1135
06037501503,822,67,47,113,6,4103
06037535502,120,37,0,0,0,4756
06037204810,42,24,0,28,0,4733
06037408800,437,485,0,459,0,3189
06037214000,3243,57,12,98,15,255
06037433602,92,0,6,1857,0,757
06037650604,1343,189,50,1919,59,1391
06037232500,108,1218,0,37,0,3558
06037237710,55,1171,10,73,0,3063
06037461000,793,1346,14,263,0,2865
06037550501,272,492,0,143,0,2872
06037577700,75,537,0,1010,42,2454
06037800206,3048,149,0,61,0,202
06037901215,1686,206,0,108,0,1481
06037206051,836,37,0,240,0,328
06037237500,55,406,0,19,0,2195
06037430101,1316,426,0,721,0,2445
06037481606,127,137,0,2967,123,1553
06037503103,478,36,0,410,0,4619
06037573403,942,319,10,1013,0,678
06037920030,1757,472,0,842,0,2270
06037134304,1030,158,0,426,0,1097
06037400205,1115,294,0,408,0,394
06037301100,5471,42,0,532,0,597
06037406801,485,271,0,1032,30,3118
06037481800,251,2,0,1615,0,395
06037553202,366,280,0,215,0,2534
06037211701,794,96,0,1246,0,362
06037920111,2076,44,0,162,0,697
06037106646,1241,168,10,630,0,799
06037481300,98,2,0,2157,0,761
06037533701,27,11,6,29,9,2796
06037621326,2047,61,0,256,33,386
06037226001,47,322,0,54,0,1604
06037199202,580,13,0,296,0,1495
06037212410,311,55,0,1453,0,2128
06037460001,1287,9,0,334,0,150
06037550700,926,39,0,999,0,4704
06037194200,2746,0,0,288,0,179
06037405001,136,44,0,898,0,4189
06037408005,667,220,0,1962,10,2435
06037480704,1086,326,0,1678,0,774
06037534406,0,0,0,0,0,4108
06037603802,422,565,0,557,0,2286
06037403901,1173,109,18,237,0,1285
06037501501,618,36,0,183,0,1023
06037553100,970,942,0,684,0,3334
06037189904,1374,202,0,160,0,558
06037543400,154,906,0,421,0,2067
06037578100,1175,148,0,322,0,504
06037208902,27,98,0,88,0,2186
06037229300,253,450,0,31,16,4968
06037980017,699,252,0,50,12,338
06037217101,408,523,0,42,0,1662
06037311700,3300,144,0,596,10,1466
06037403401,388,290,0,2860,0,1131
06037500404,193,17,0,334,0,3832
06037543801,388,324,0,1810,64,1649
06037554403,530,899,0,900,0,3220
06037195902,1135,9,0,193,0,193
06037535901,130,0,0,0,0,5852
06037113428,2024,56,0,628,0,1303
06037320101,236,65,0,123,0,2978
06037219500,228,808,0,322,0,417
06037571502,1028,780,0,1130,0,1861
06037432802,96,24,196,835,25,4213
06037554405,936,470,0,527,0,1555
06037143801,1826,226,0,224,0,413
06037403000,464,118,279,679,0,5328
06037211910,298,346,0,1084,0,2204
06037181400,1314,68,12,1366,0,1611
06037211201,258,131,23,577,0,1587
06037108202,3163,1599,0,3624,144,1061
06037265307,906,328,0,800,9,249
06037123304,2052,107,0,219,0,1905
06037127803,1077,238,0,767,0,2822
06037191410,543,92,22,530,0,2149
06037482401,27,15,0,2135,0,1470
06037540101,191,496,0,0,0,5627
06037910716,639,898,93,43,0,4453
06037234302,11,2189,0,9,0,185
06037296300,1635,136,0,971,0,2071
06037300100,3578,0,0,1711,0,788
06037482201,135,155,5,2668,0,826
06037402703,399,169,0,571,28,4165
06037701402,4284,46,0,762,43,1812
06037403802,1599,163,9,602,109,3618
06037670102,856,300,0,875,0,1720
06037211310,448,262,0,943,0,1795
06037232702,174,275,0,3,0,3862
06037240700,24,946,0,37,0,5422
06037577000,2565,898,0,520,148,2542
06037109601,1168,211,0,452,0,3025
06037137502,2808,44,0,295,0,710
06037206302,379,740,0,44,0,574
06037430004,981,170,0,486,0,1556
06037430802,538,0,0,3101,7,302
06037482304,147,36,0,1168,0,1502
06037703002,1040,4376,50,301,0,993
06037920334,3780,140,0,530,0,1108
06037269909,809,276,0,119,0,678
06037577200,3500,233,37,563,0,1281
06037603500,176,515,0,602,30,1493
06037543601,273,218,0,1594,131,2279
06037800504,1568,25,0,75,0,161
06037103202,1030,19,0,45,0,401
06037408303,284,0,0,628,0,3224
06037555106,207,476,132,616,0,1253
06037239601,24,670,0,2,0,2969
06037403320,682,157,0,3843,0,642
06037540102,36,551,0,35,0,5002
06037576501,690,575,0,140,0,1066
06037901013,1218,431,0,333,0,1348
06037302301,1804,203,5,639,0,932
06037555212,662,101,0,443,0,4380
06037463300,853,47,0,615,0,363
06037407002,96,18,0,419,7,2832
06037482102,289,27,0,1928,17,942
06037135201,1936,68,0,302,0,476
06037185203,346,0,0,256,0,1721
06037402702,191,309,0,110,0,4308
06037191201,2906,217,24,486,0,1759
06037577300,3481,272,126,322,310,1004
06037189906,1367,277,0,313,0,324
06037401102,1697,84,0,402,0,1655
06037541100,38,1284,0,43,0,1532
06037207304,236,595,0,86,0,1194
06037211804,487,174,0,1749,0,718
06037573402,1582,422,0,1555,77,3074
06037570203,161,593,0,295,90,2681
06037920326,3199,400,15,1548,0,1690
06037132502,1593,43,0,226,0,1413
06037600702,102,3306,0,0,0,1110
06037141305,1642,147,4,221,0,717
06037237401,59,838,0,0,0,2987
06037214400,1930,151,0,247,0,380
06037310100,3749,99,42,613,0,952
06037702300,4371,46,0,544,0,1362
06037103101,1755,10,0,207,0,586
06037408301,142,62,0,531,0,5151
06037430724,900,28,11,2803,183,930
06037119202,118,4,0,322,0,4215
06037406000,816,188,7,611,37,3318
06037572500,603,508,0,940,0,1520
06037601002,165,2489,0,26,0,2000
06037576200,1465,794,66,230,0,2272
06037481203,560,0,0,3475,0,2608
06037113231,1381,91,0,164,0,311
06037265601,2248,49,0,465,0,134
06037432401,124,12,0,1413,4,2586
06037106405,457,289,0,305,0,3016
06037542601,36,347,0,5,0,2918
06037571505,520,276,0,508,0,1480
06037920043,3486,514,0,1719,0,2563
06037135202,2861,435,52,656,27,486
06037212202,37,194,0,743,0,2531
06037670418,2144,70,0,1111,0,642
06037212102,189,431,5,1141,10,939
06037433901,220,8,0,1495,0,3628
06037503902,1510,94,0,728,0,2540
06037554517,214,252,24,3391,0,766
06037135113,1520,318,0,645,16,343
06037191820,1964,179,7,520,0,888
06037212203,239,221,0,893,0,1566
06037273502,1957,103,40,57,0,174
06037481102,471,147,5,1353,0,1512
06037703100,563,4274,0,184,18,617
06037910718,186,252,36,43,0,4657
06037128400,2131,352,0,326,0,1105
06037234800,160,1320,0,89,13,1694
06037406201,179,117,23,781,0,2380
06037601502,103,76,0,50,0,3168
06037212420,240,168,0,573,0,1611
06037406413,917,164,0,1768,0,3315
06037544002,137,195,0,547,76,2775
06037404401,604,5,0,84,0,3135
06037101220,1517,10,48,490,0,1312
06037143700,2566,78,0,135,0,442
06037553701,44,154,0,118,0,3603
06037600912,402,752,0,0,0,3560
06037701304,3980,92,14,539,0,1032
06037221900,1269,490,0,1607,0,968
06037480902,146,13,0,2159,13,1560
06037302503,2334,11,0,623,0,839
06037920200,484,917,0,64,10,2609
06037408628,299,29,0,3506,0,1536
06037544001,370,106,0,791,90,2515
06037574500,4028,295,173,717,0,1362
06037702802,930,241,0,302,0,673
06037800336,2697,0,0,130,0,809
06037901009,2307,645,0,49,0,2390
06037134906,583,13,0,299,0,1926
06037403316,1263,596,0,3341,0,1308
06037800204,3159,14,0,552,0,216
06037183222,1411,67,0,340,0,1500
06037900804,440,713,7,89,0,2244
06037197500,1390,58,0,387,0,1907
06037482403,5,0,15,2027,0,1200
06037207307,372,546,0,115,73,236
06037480400,950,190,0,2312,0,1855
06037620802,2479,78,36,370,23,317
06037211000,2583,449,0,1560,0,575
06037214100,3016,97,0,299,0,271
06037402801,136,0,39,198,0,3915
06037900505,500,1194,0,27,0,2634
06037980038,0,0,0,0,0,0
06037117102,574,69,0,296,0,1427
06037195201,1897,36,0,252,0,493
06037218701,136,568,16,87,0,1005
06037267102,1778,60,0,655,0,171
06037276608,1041,79,0,362,0,339
06037117404,1506,312,8,756,0,2519
06037121221,278,41,0,113,0,1615
06037183610,609,18,8,304,0,1726
06037577900,1912,776,10,938,0,1640
06037208720,297,119,0,273,0,2685
